AerChemMIP,BCC,BCC-ESM1,hist-1950HC,T1
AerChemMIP,BCC,BCC-ESM1,hist-piAer,T1
AerChemMIP,BCC,BCC-ESM1,hist-piNTCF,T1
AerChemMIP,BCC,BCC-ESM1,histSST-1950HC,T2
AerChemMIP,BCC,BCC-ESM1,histSST-piAer,T1
AerChemMIP,BCC,BCC-ESM1,histSST-piCH4,T1
AerChemMIP,BCC,BCC-ESM1,histSST-piN2O,T1
AerChemMIP,BCC,BCC-ESM1,histSST-piNTCF,T2
AerChemMIP,BCC,BCC-ESM1,histSST-piO3,T1
AerChemMIP,BCC,BCC-ESM1,histSST,T1
AerChemMIP,BCC,BCC-ESM1,piClim-2xDMS,T2
AerChemMIP,BCC,BCC-ESM1,piClim-2xdust,T3
AerChemMIP,BCC,BCC-ESM1,piClim-2xfire,T3
AerChemMIP,BCC,BCC-ESM1,piClim-2xNOx,T1
AerChemMIP,BCC,BCC-ESM1,piClim-2xss,T3
AerChemMIP,BCC,BCC-ESM1,piClim-2xVOC,T2
AerChemMIP,BCC,BCC-ESM1,piClim-aer,T3
AerChemMIP,BCC,BCC-ESM1,piClim-BC,T2
AerChemMIP,BCC,BCC-ESM1,piClim-CH4,T3
AerChemMIP,BCC,BCC-ESM1,piClim-control,T3
AerChemMIP,BCC,BCC-ESM1,piClim-HC,T2
AerChemMIP,BCC,BCC-ESM1,piClim-N2O,T2
AerChemMIP,BCC,BCC-ESM1,piClim-NH3,T1
AerChemMIP,BCC,BCC-ESM1,piClim-NOx,T1
AerChemMIP,BCC,BCC-ESM1,piClim-NTCF,T2
AerChemMIP,BCC,BCC-ESM1,piClim-O3,T3
AerChemMIP,BCC,BCC-ESM1,piClim-OC,T3
AerChemMIP,BCC,BCC-ESM1,piClim-SO2,T1
AerChemMIP,BCC,BCC-ESM1,piClim-VOC,T2
AerChemMIP,BCC,BCC-ESM1,ssp370-lowNTCF,T1
AerChemMIP,BCC,BCC-ESM1,ssp370SST-lowAer,T1
AerChemMIP,BCC,BCC-ESM1,ssp370SST-lowBC,T1
AerChemMIP,BCC,BCC-ESM1,ssp370SST-lowCH4,T1
AerChemMIP,BCC,BCC-ESM1,ssp370SST-lowNTCF,T2
AerChemMIP,BCC,BCC-ESM1,ssp370SST-lowO3,T2
AerChemMIP,BCC,BCC-ESM1,ssp370SST-ssp126Lu,T1
AerChemMIP,BCC,BCC-ESM1,ssp370SST,T1
AerChemMIP,BCC,BCC-ESM1,ssp370,T3
AerChemMIP,CAS,CAS-ESM1-0,hist-1950HC,T1
AerChemMIP,CAS,CAS-ESM1-0,hist-piAer,T1
AerChemMIP,CAS,CAS-ESM1-0,hist-piNTCF,T1
AerChemMIP,CAS,CAS-ESM1-0,histSST-1950HC,T2
AerChemMIP,CAS,CAS-ESM1-0,histSST-piAer,T1
AerChemMIP,CAS,CAS-ESM1-0,histSST-piCH4,T1
AerChemMIP,CAS,CAS-ESM1-0,histSST-piN2O,T1
AerChemMIP,CAS,CAS-ESM1-0,histSST-piNTCF,T2
AerChemMIP,CAS,CAS-ESM1-0,histSST-piO3,T1
AerChemMIP,CAS,CAS-ESM1-0,histSST,T1
AerChemMIP,CAS,CAS-ESM1-0,piClim-2xDMS,T2
AerChemMIP,CAS,CAS-ESM1-0,piClim-2xdust,T3
AerChemMIP,CAS,CAS-ESM1-0,piClim-2xfire,T3
AerChemMIP,CAS,CAS-ESM1-0,piClim-2xNOx,T1
AerChemMIP,CAS,CAS-ESM1-0,piClim-2xss,T3
AerChemMIP,CAS,CAS-ESM1-0,piClim-2xVOC,T2
AerChemMIP,CAS,CAS-ESM1-0,piClim-aer,T3
AerChemMIP,CAS,CAS-ESM1-0,piClim-BC,T2
AerChemMIP,CAS,CAS-ESM1-0,piClim-CH4,T3
AerChemMIP,CAS,CAS-ESM1-0,piClim-control,T3
AerChemMIP,CAS,CAS-ESM1-0,piClim-HC,T2
AerChemMIP,CAS,CAS-ESM1-0,piClim-N2O,T2
AerChemMIP,CAS,CAS-ESM1-0,piClim-NH3,T1
AerChemMIP,CAS,CAS-ESM1-0,piClim-NOx,T1
AerChemMIP,CAS,CAS-ESM1-0,piClim-NTCF,T2
AerChemMIP,CAS,CAS-ESM1-0,piClim-O3,T3
AerChemMIP,CAS,CAS-ESM1-0,piClim-OC,T3
AerChemMIP,CAS,CAS-ESM1-0,piClim-SO2,T1
AerChemMIP,CAS,CAS-ESM1-0,piClim-VOC,T2
AerChemMIP,CAS,CAS-ESM1-0,ssp370-lowNTCF,T1
AerChemMIP,CAS,CAS-ESM1-0,ssp370SST-lowAer,T1
AerChemMIP,CAS,CAS-ESM1-0,ssp370SST-lowBC,T1
AerChemMIP,CAS,CAS-ESM1-0,ssp370SST-lowCH4,T1
AerChemMIP,CAS,CAS-ESM1-0,ssp370SST-lowNTCF,T2
AerChemMIP,CAS,CAS-ESM1-0,ssp370SST-lowO3,T2
AerChemMIP,CAS,CAS-ESM1-0,ssp370SST-ssp126Lu,T1
AerChemMIP,CAS,CAS-ESM1-0,ssp370SST,T1
AerChemMIP,CAS,CAS-ESM1-0,ssp370,T3
AerChemMIP,CNRM-CERFACS,CNRM-ESM2-1,hist-1950HC,T1
AerChemMIP,CNRM-CERFACS,CNRM-ESM2-1,hist-piAer,T1
AerChemMIP,CNRM-CERFACS,CNRM-ESM2-1,hist-piNTCF,T1
AerChemMIP,CNRM-CERFACS,CNRM-ESM2-1,histSST-1950HC,T2
AerChemMIP,CNRM-CERFACS,CNRM-ESM2-1,histSST-piAer,T1
AerChemMIP,CNRM-CERFACS,CNRM-ESM2-1,histSST-piCH4,T1
AerChemMIP,CNRM-CERFACS,CNRM-ESM2-1,histSST-piN2O,T1
AerChemMIP,CNRM-CERFACS,CNRM-ESM2-1,histSST-piNTCF,T2
AerChemMIP,CNRM-CERFACS,CNRM-ESM2-1,histSST-piO3,T1
AerChemMIP,CNRM-CERFACS,CNRM-ESM2-1,histSST,T1
AerChemMIP,CNRM-CERFACS,CNRM-ESM2-1,piClim-2xDMS,T2
AerChemMIP,CNRM-CERFACS,CNRM-ESM2-1,piClim-2xdust,T3
AerChemMIP,CNRM-CERFACS,CNRM-ESM2-1,piClim-2xfire,T3
AerChemMIP,CNRM-CERFACS,CNRM-ESM2-1,piClim-2xNOx,T1
AerChemMIP,CNRM-CERFACS,CNRM-ESM2-1,piClim-2xss,T3
AerChemMIP,CNRM-CERFACS,CNRM-ESM2-1,piClim-2xVOC,T2
AerChemMIP,CNRM-CERFACS,CNRM-ESM2-1,piClim-aer,T3
AerChemMIP,CNRM-CERFACS,CNRM-ESM2-1,piClim-BC,T2
AerChemMIP,CNRM-CERFACS,CNRM-ESM2-1,piClim-CH4,T3
AerChemMIP,CNRM-CERFACS,CNRM-ESM2-1,piClim-control,T3
AerChemMIP,CNRM-CERFACS,CNRM-ESM2-1,piClim-HC,T2
AerChemMIP,CNRM-CERFACS,CNRM-ESM2-1,piClim-N2O,T2
AerChemMIP,CNRM-CERFACS,CNRM-ESM2-1,piClim-NH3,T1
AerChemMIP,CNRM-CERFACS,CNRM-ESM2-1,piClim-NOx,T1
AerChemMIP,CNRM-CERFACS,CNRM-ESM2-1,piClim-NTCF,T2
AerChemMIP,CNRM-CERFACS,CNRM-ESM2-1,piClim-O3,T3
AerChemMIP,CNRM-CERFACS,CNRM-ESM2-1,piClim-OC,T3
AerChemMIP,CNRM-CERFACS,CNRM-ESM2-1,piClim-SO2,T1
AerChemMIP,CNRM-CERFACS,CNRM-ESM2-1,piClim-VOC,T2
AerChemMIP,CNRM-CERFACS,CNRM-ESM2-1,ssp370-lowNTCF,T1
AerChemMIP,CNRM-CERFACS,CNRM-ESM2-1,ssp370SST-lowAer,T1
AerChemMIP,CNRM-CERFACS,CNRM-ESM2-1,ssp370SST-lowBC,T1
AerChemMIP,CNRM-CERFACS,CNRM-ESM2-1,ssp370SST-lowCH4,T1
AerChemMIP,CNRM-CERFACS,CNRM-ESM2-1,ssp370SST-lowNTCF,T2
AerChemMIP,CNRM-CERFACS,CNRM-ESM2-1,ssp370SST-lowO3,T2
AerChemMIP,CNRM-CERFACS,CNRM-ESM2-1,ssp370SST-ssp126Lu,T1
AerChemMIP,CNRM-CERFACS,CNRM-ESM2-1,ssp370SST,T1
AerChemMIP,CNRM-CERFACS,CNRM-ESM2-1,ssp370,T3
AerChemMIP,EC-Earth-Consortium,EC-Earth3-AerChem,hist-1950HC,T1
AerChemMIP,EC-Earth-Consortium,EC-Earth3-AerChem,hist-piAer,T1
AerChemMIP,EC-Earth-Consortium,EC-Earth3-AerChem,hist-piNTCF,T1
AerChemMIP,EC-Earth-Consortium,EC-Earth3-AerChem,histSST-1950HC,T2
AerChemMIP,EC-Earth-Consortium,EC-Earth3-AerChem,histSST-piAer,T1
AerChemMIP,EC-Earth-Consortium,EC-Earth3-AerChem,histSST-piCH4,T1
AerChemMIP,EC-Earth-Consortium,EC-Earth3-AerChem,histSST-piN2O,T1
AerChemMIP,EC-Earth-Consortium,EC-Earth3-AerChem,histSST-piNTCF,T2
AerChemMIP,EC-Earth-Consortium,EC-Earth3-AerChem,histSST-piO3,T1
AerChemMIP,EC-Earth-Consortium,EC-Earth3-AerChem,histSST,T1
AerChemMIP,EC-Earth-Consortium,EC-Earth3-AerChem,piClim-2xDMS,T2
AerChemMIP,EC-Earth-Consortium,EC-Earth3-AerChem,piClim-2xdust,T3
AerChemMIP,EC-Earth-Consortium,EC-Earth3-AerChem,piClim-2xfire,T3
AerChemMIP,EC-Earth-Consortium,EC-Earth3-AerChem,piClim-2xNOx,T1
AerChemMIP,EC-Earth-Consortium,EC-Earth3-AerChem,piClim-2xss,T3
AerChemMIP,EC-Earth-Consortium,EC-Earth3-AerChem,piClim-2xVOC,T2
AerChemMIP,EC-Earth-Consortium,EC-Earth3-AerChem,piClim-aer,T3
AerChemMIP,EC-Earth-Consortium,EC-Earth3-AerChem,piClim-BC,T2
AerChemMIP,EC-Earth-Consortium,EC-Earth3-AerChem,piClim-CH4,T3
AerChemMIP,EC-Earth-Consortium,EC-Earth3-AerChem,piClim-control,T3
AerChemMIP,EC-Earth-Consortium,EC-Earth3-AerChem,piClim-HC,T2
AerChemMIP,EC-Earth-Consortium,EC-Earth3-AerChem,piClim-N2O,T2
AerChemMIP,EC-Earth-Consortium,EC-Earth3-AerChem,piClim-NH3,T1
AerChemMIP,EC-Earth-Consortium,EC-Earth3-AerChem,piClim-NOx,T1
AerChemMIP,EC-Earth-Consortium,EC-Earth3-AerChem,piClim-NTCF,T2
AerChemMIP,EC-Earth-Consortium,EC-Earth3-AerChem,piClim-O3,T3
AerChemMIP,EC-Earth-Consortium,EC-Earth3-AerChem,piClim-OC,T3
AerChemMIP,EC-Earth-Consortium,EC-Earth3-AerChem,piClim-SO2,T1
AerChemMIP,EC-Earth-Consortium,EC-Earth3-AerChem,piClim-VOC,T2
AerChemMIP,EC-Earth-Consortium,EC-Earth3-AerChem,ssp370-lowNTCF,T1
AerChemMIP,EC-Earth-Consortium,EC-Earth3-AerChem,ssp370SST-lowAer,T1
AerChemMIP,EC-Earth-Consortium,EC-Earth3-AerChem,ssp370SST-lowBC,T1
AerChemMIP,EC-Earth-Consortium,EC-Earth3-AerChem,ssp370SST-lowCH4,T1
AerChemMIP,EC-Earth-Consortium,EC-Earth3-AerChem,ssp370SST-lowNTCF,T2
AerChemMIP,EC-Earth-Consortium,EC-Earth3-AerChem,ssp370SST-lowO3,T2
AerChemMIP,EC-Earth-Consortium,EC-Earth3-AerChem,ssp370SST-ssp126Lu,T1
AerChemMIP,EC-Earth-Consortium,EC-Earth3-AerChem,ssp370SST,T1
AerChemMIP,EC-Earth-Consortium,EC-Earth3-AerChem,ssp370,T3
AerChemMIP,HAMMOZ-Consortium,MPI-ESM-1-2-HAM,hist-1950HC,T1
AerChemMIP,HAMMOZ-Consortium,MPI-ESM-1-2-HAM,hist-piAer,T1
AerChemMIP,HAMMOZ-Consortium,MPI-ESM-1-2-HAM,hist-piNTCF,T1
AerChemMIP,HAMMOZ-Consortium,MPI-ESM-1-2-HAM,histSST-1950HC,T2
AerChemMIP,HAMMOZ-Consortium,MPI-ESM-1-2-HAM,histSST-piAer,T1
AerChemMIP,HAMMOZ-Consortium,MPI-ESM-1-2-HAM,histSST-piCH4,T1
AerChemMIP,HAMMOZ-Consortium,MPI-ESM-1-2-HAM,histSST-piN2O,T1
AerChemMIP,HAMMOZ-Consortium,MPI-ESM-1-2-HAM,histSST-piNTCF,T2
AerChemMIP,HAMMOZ-Consortium,MPI-ESM-1-2-HAM,histSST-piO3,T1
AerChemMIP,HAMMOZ-Consortium,MPI-ESM-1-2-HAM,histSST,T1
AerChemMIP,HAMMOZ-Consortium,MPI-ESM-1-2-HAM,piClim-2xDMS,T2
AerChemMIP,HAMMOZ-Consortium,MPI-ESM-1-2-HAM,piClim-2xdust,T3
AerChemMIP,HAMMOZ-Consortium,MPI-ESM-1-2-HAM,piClim-2xfire,T3
AerChemMIP,HAMMOZ-Consortium,MPI-ESM-1-2-HAM,piClim-2xNOx,T1
AerChemMIP,HAMMOZ-Consortium,MPI-ESM-1-2-HAM,piClim-2xss,T3
AerChemMIP,HAMMOZ-Consortium,MPI-ESM-1-2-HAM,piClim-2xVOC,T2
AerChemMIP,HAMMOZ-Consortium,MPI-ESM-1-2-HAM,piClim-aer,T3
AerChemMIP,HAMMOZ-Consortium,MPI-ESM-1-2-HAM,piClim-BC,T2
AerChemMIP,HAMMOZ-Consortium,MPI-ESM-1-2-HAM,piClim-CH4,T3
AerChemMIP,HAMMOZ-Consortium,MPI-ESM-1-2-HAM,piClim-control,T3
AerChemMIP,HAMMOZ-Consortium,MPI-ESM-1-2-HAM,piClim-HC,T2
AerChemMIP,HAMMOZ-Consortium,MPI-ESM-1-2-HAM,piClim-N2O,T2
AerChemMIP,HAMMOZ-Consortium,MPI-ESM-1-2-HAM,piClim-NH3,T1
AerChemMIP,HAMMOZ-Consortium,MPI-ESM-1-2-HAM,piClim-NOx,T1
AerChemMIP,HAMMOZ-Consortium,MPI-ESM-1-2-HAM,piClim-NTCF,T2
AerChemMIP,HAMMOZ-Consortium,MPI-ESM-1-2-HAM,piClim-O3,T3
AerChemMIP,HAMMOZ-Consortium,MPI-ESM-1-2-HAM,piClim-OC,T3
AerChemMIP,HAMMOZ-Consortium,MPI-ESM-1-2-HAM,piClim-SO2,T1
AerChemMIP,HAMMOZ-Consortium,MPI-ESM-1-2-HAM,piClim-VOC,T2
AerChemMIP,HAMMOZ-Consortium,MPI-ESM-1-2-HAM,ssp370-lowNTCF,T1
AerChemMIP,HAMMOZ-Consortium,MPI-ESM-1-2-HAM,ssp370SST-lowAer,T1
AerChemMIP,HAMMOZ-Consortium,MPI-ESM-1-2-HAM,ssp370SST-lowBC,T1
AerChemMIP,HAMMOZ-Consortium,MPI-ESM-1-2-HAM,ssp370SST-lowCH4,T1
AerChemMIP,HAMMOZ-Consortium,MPI-ESM-1-2-HAM,ssp370SST-lowNTCF,T2
AerChemMIP,HAMMOZ-Consortium,MPI-ESM-1-2-HAM,ssp370SST-lowO3,T2
AerChemMIP,HAMMOZ-Consortium,MPI-ESM-1-2-HAM,ssp370SST-ssp126Lu,T1
AerChemMIP,HAMMOZ-Consortium,MPI-ESM-1-2-HAM,ssp370SST,T1
AerChemMIP,HAMMOZ-Consortium,MPI-ESM-1-2-HAM,ssp370,T3
AerChemMIP,MESSy-Consortium,EMAC-2-53-AerChem,hist-1950HC,T1
AerChemMIP,MESSy-Consortium,EMAC-2-53-AerChem,hist-piAer,T1
AerChemMIP,MESSy-Consortium,EMAC-2-53-AerChem,hist-piNTCF,T1
AerChemMIP,MESSy-Consortium,EMAC-2-53-AerChem,histSST-1950HC,T2
AerChemMIP,MESSy-Consortium,EMAC-2-53-AerChem,histSST-piAer,T1
AerChemMIP,MESSy-Consortium,EMAC-2-53-AerChem,histSST-piCH4,T1
AerChemMIP,MESSy-Consortium,EMAC-2-53-AerChem,histSST-piN2O,T1
AerChemMIP,MESSy-Consortium,EMAC-2-53-AerChem,histSST-piNTCF,T2
AerChemMIP,MESSy-Consortium,EMAC-2-53-AerChem,histSST-piO3,T1
AerChemMIP,MESSy-Consortium,EMAC-2-53-AerChem,histSST,T1
AerChemMIP,MESSy-Consortium,EMAC-2-53-AerChem,piClim-2xDMS,T2
AerChemMIP,MESSy-Consortium,EMAC-2-53-AerChem,piClim-2xdust,T3
AerChemMIP,MESSy-Consortium,EMAC-2-53-AerChem,piClim-2xfire,T3
AerChemMIP,MESSy-Consortium,EMAC-2-53-AerChem,piClim-2xNOx,T1
AerChemMIP,MESSy-Consortium,EMAC-2-53-AerChem,piClim-2xss,T3
AerChemMIP,MESSy-Consortium,EMAC-2-53-AerChem,piClim-2xVOC,T2
AerChemMIP,MESSy-Consortium,EMAC-2-53-AerChem,piClim-aer,T3
AerChemMIP,MESSy-Consortium,EMAC-2-53-AerChem,piClim-BC,T2
AerChemMIP,MESSy-Consortium,EMAC-2-53-AerChem,piClim-CH4,T3
AerChemMIP,MESSy-Consortium,EMAC-2-53-AerChem,piClim-control,T3
AerChemMIP,MESSy-Consortium,EMAC-2-53-AerChem,piClim-HC,T2
AerChemMIP,MESSy-Consortium,EMAC-2-53-AerChem,piClim-N2O,T2
AerChemMIP,MESSy-Consortium,EMAC-2-53-AerChem,piClim-NH3,T1
AerChemMIP,MESSy-Consortium,EMAC-2-53-AerChem,piClim-NOx,T1
AerChemMIP,MESSy-Consortium,EMAC-2-53-AerChem,piClim-NTCF,T2
AerChemMIP,MESSy-Consortium,EMAC-2-53-AerChem,piClim-O3,T3
AerChemMIP,MESSy-Consortium,EMAC-2-53-AerChem,piClim-OC,T3
AerChemMIP,MESSy-Consortium,EMAC-2-53-AerChem,piClim-SO2,T1
AerChemMIP,MESSy-Consortium,EMAC-2-53-AerChem,piClim-VOC,T2
AerChemMIP,MESSy-Consortium,EMAC-2-53-AerChem,ssp370-lowNTCF,T1
AerChemMIP,MESSy-Consortium,EMAC-2-53-AerChem,ssp370SST-lowAer,T1
AerChemMIP,MESSy-Consortium,EMAC-2-53-AerChem,ssp370SST-lowBC,T1
AerChemMIP,MESSy-Consortium,EMAC-2-53-AerChem,ssp370SST-lowCH4,T1
AerChemMIP,MESSy-Consortium,EMAC-2-53-AerChem,ssp370SST-lowNTCF,T2
AerChemMIP,MESSy-Consortium,EMAC-2-53-AerChem,ssp370SST-lowO3,T2
AerChemMIP,MESSy-Consortium,EMAC-2-53-AerChem,ssp370SST-ssp126Lu,T1
AerChemMIP,MESSy-Consortium,EMAC-2-53-AerChem,ssp370SST,T1
AerChemMIP,MESSy-Consortium,EMAC-2-53-AerChem,ssp370,T3
AerChemMIP,MIROC,MIROC-ES2H,hist-1950HC,T1
AerChemMIP,MIROC,MIROC-ES2H,hist-piAer,T1
AerChemMIP,MIROC,MIROC-ES2H,hist-piNTCF,T1
AerChemMIP,MIROC,MIROC-ES2H,histSST-1950HC,T2
AerChemMIP,MIROC,MIROC-ES2H,histSST-piAer,T1
AerChemMIP,MIROC,MIROC-ES2H,histSST-piCH4,T1
AerChemMIP,MIROC,MIROC-ES2H,histSST-piN2O,T1
AerChemMIP,MIROC,MIROC-ES2H,histSST-piNTCF,T2
AerChemMIP,MIROC,MIROC-ES2H,histSST-piO3,T1
AerChemMIP,MIROC,MIROC-ES2H,histSST,T1
AerChemMIP,MIROC,MIROC-ES2H,piClim-2xDMS,T2
AerChemMIP,MIROC,MIROC-ES2H,piClim-2xdust,T3
AerChemMIP,MIROC,MIROC-ES2H,piClim-2xfire,T3
AerChemMIP,MIROC,MIROC-ES2H,piClim-2xNOx,T1
AerChemMIP,MIROC,MIROC-ES2H,piClim-2xss,T3
AerChemMIP,MIROC,MIROC-ES2H,piClim-2xVOC,T2
AerChemMIP,MIROC,MIROC-ES2H,piClim-aer,T3
AerChemMIP,MIROC,MIROC-ES2H,piClim-BC,T2
AerChemMIP,MIROC,MIROC-ES2H,piClim-CH4,T3
AerChemMIP,MIROC,MIROC-ES2H,piClim-control,T3
AerChemMIP,MIROC,MIROC-ES2H,piClim-HC,T2
AerChemMIP,MIROC,MIROC-ES2H,piClim-N2O,T2
AerChemMIP,MIROC,MIROC-ES2H,piClim-NH3,T1
AerChemMIP,MIROC,MIROC-ES2H,piClim-NOx,T1
AerChemMIP,MIROC,MIROC-ES2H,piClim-NTCF,T2
AerChemMIP,MIROC,MIROC-ES2H,piClim-O3,T3
AerChemMIP,MIROC,MIROC-ES2H,piClim-OC,T3
AerChemMIP,MIROC,MIROC-ES2H,piClim-SO2,T1
AerChemMIP,MIROC,MIROC-ES2H,piClim-VOC,T2
AerChemMIP,MIROC,MIROC-ES2H,ssp370-lowNTCF,T1
AerChemMIP,MIROC,MIROC-ES2H,ssp370SST-lowAer,T1
AerChemMIP,MIROC,MIROC-ES2H,ssp370SST-lowBC,T1
AerChemMIP,MIROC,MIROC-ES2H,ssp370SST-lowCH4,T1
AerChemMIP,MIROC,MIROC-ES2H,ssp370SST-lowNTCF,T2
AerChemMIP,MIROC,MIROC-ES2H,ssp370SST-lowO3,T2
AerChemMIP,MIROC,MIROC-ES2H,ssp370SST-ssp126Lu,T1
AerChemMIP,MIROC,MIROC-ES2H,ssp370SST,T1
AerChemMIP,MIROC,MIROC-ES2H,ssp370,T3
AerChemMIP,MOHC,UKESM1-0-LL,hist-1950HC,T1
AerChemMIP,MOHC,UKESM1-0-LL,hist-piAer,T1
AerChemMIP,MOHC,UKESM1-0-LL,hist-piNTCF,T1
AerChemMIP,MOHC,UKESM1-0-LL,histSST-1950HC,T2
AerChemMIP,MOHC,UKESM1-0-LL,histSST-piAer,T1
AerChemMIP,MOHC,UKESM1-0-LL,histSST-piCH4,T1
AerChemMIP,MOHC,UKESM1-0-LL,histSST-piN2O,T1
AerChemMIP,MOHC,UKESM1-0-LL,histSST-piNTCF,T2
AerChemMIP,MOHC,UKESM1-0-LL,histSST-piO3,T1
AerChemMIP,MOHC,UKESM1-0-LL,histSST,T1
AerChemMIP,MOHC,UKESM1-0-LL,piClim-2xDMS,T2
AerChemMIP,MOHC,UKESM1-0-LL,piClim-2xdust,T3
AerChemMIP,MOHC,UKESM1-0-LL,piClim-2xfire,T3
AerChemMIP,MOHC,UKESM1-0-LL,piClim-2xNOx,T1
AerChemMIP,MOHC,UKESM1-0-LL,piClim-2xss,T3
AerChemMIP,MOHC,UKESM1-0-LL,piClim-2xVOC,T2
AerChemMIP,MOHC,UKESM1-0-LL,piClim-aer,T3
AerChemMIP,MOHC,UKESM1-0-LL,piClim-BC,T2
AerChemMIP,MOHC,UKESM1-0-LL,piClim-CH4,T3
AerChemMIP,MOHC,UKESM1-0-LL,piClim-control,T3
AerChemMIP,MOHC,UKESM1-0-LL,piClim-HC,T2
AerChemMIP,MOHC,UKESM1-0-LL,piClim-N2O,T2
AerChemMIP,MOHC,UKESM1-0-LL,piClim-NH3,T1
AerChemMIP,MOHC,UKESM1-0-LL,piClim-NOx,T1
AerChemMIP,MOHC,UKESM1-0-LL,piClim-NTCF,T2
AerChemMIP,MOHC,UKESM1-0-LL,piClim-O3,T3
AerChemMIP,MOHC,UKESM1-0-LL,piClim-OC,T3
AerChemMIP,MOHC,UKESM1-0-LL,piClim-SO2,T1
AerChemMIP,MOHC,UKESM1-0-LL,piClim-VOC,T2
AerChemMIP,MOHC,UKESM1-0-LL,ssp370-lowNTCF,T1
AerChemMIP,MOHC,UKESM1-0-LL,ssp370SST-lowAer,T1
AerChemMIP,MOHC,UKESM1-0-LL,ssp370SST-lowBC,T1
AerChemMIP,MOHC,UKESM1-0-LL,ssp370SST-lowCH4,T1
AerChemMIP,MOHC,UKESM1-0-LL,ssp370SST-lowNTCF,T2
AerChemMIP,MOHC,UKESM1-0-LL,ssp370SST-lowO3,T2
AerChemMIP,MOHC,UKESM1-0-LL,ssp370SST-ssp126Lu,T1
AerChemMIP,MOHC,UKESM1-0-LL,ssp370SST,T1
AerChemMIP,MOHC,UKESM1-0-LL,ssp370,T3
AerChemMIP,MOHC,UKESM1-0-MMh,hist-1950HC,T1
AerChemMIP,MOHC,UKESM1-0-MMh,hist-piAer,T1
AerChemMIP,MOHC,UKESM1-0-MMh,hist-piNTCF,T1
AerChemMIP,MOHC,UKESM1-0-MMh,histSST-1950HC,T2
AerChemMIP,MOHC,UKESM1-0-MMh,histSST-piAer,T1
AerChemMIP,MOHC,UKESM1-0-MMh,histSST-piCH4,T1
AerChemMIP,MOHC,UKESM1-0-MMh,histSST-piN2O,T1
AerChemMIP,MOHC,UKESM1-0-MMh,histSST-piNTCF,T2
AerChemMIP,MOHC,UKESM1-0-MMh,histSST-piO3,T1
AerChemMIP,MOHC,UKESM1-0-MMh,histSST,T1
AerChemMIP,MOHC,UKESM1-0-MMh,piClim-2xDMS,T2
AerChemMIP,MOHC,UKESM1-0-MMh,piClim-2xdust,T3
AerChemMIP,MOHC,UKESM1-0-MMh,piClim-2xfire,T3
AerChemMIP,MOHC,UKESM1-0-MMh,piClim-2xNOx,T1
AerChemMIP,MOHC,UKESM1-0-MMh,piClim-2xss,T3
AerChemMIP,MOHC,UKESM1-0-MMh,piClim-2xVOC,T2
AerChemMIP,MOHC,UKESM1-0-MMh,piClim-aer,T3
AerChemMIP,MOHC,UKESM1-0-MMh,piClim-BC,T2
AerChemMIP,MOHC,UKESM1-0-MMh,piClim-CH4,T3
AerChemMIP,MOHC,UKESM1-0-MMh,piClim-control,T3
AerChemMIP,MOHC,UKESM1-0-MMh,piClim-HC,T2
AerChemMIP,MOHC,UKESM1-0-MMh,piClim-N2O,T2
AerChemMIP,MOHC,UKESM1-0-MMh,piClim-NH3,T1
AerChemMIP,MOHC,UKESM1-0-MMh,piClim-NOx,T1
AerChemMIP,MOHC,UKESM1-0-MMh,piClim-NTCF,T2
AerChemMIP,MOHC,UKESM1-0-MMh,piClim-O3,T3
AerChemMIP,MOHC,UKESM1-0-MMh,piClim-OC,T3
AerChemMIP,MOHC,UKESM1-0-MMh,piClim-SO2,T1
AerChemMIP,MOHC,UKESM1-0-MMh,piClim-VOC,T2
AerChemMIP,MOHC,UKESM1-0-MMh,ssp370-lowNTCF,T1
AerChemMIP,MOHC,UKESM1-0-MMh,ssp370SST-lowAer,T1
AerChemMIP,MOHC,UKESM1-0-MMh,ssp370SST-lowBC,T1
AerChemMIP,MOHC,UKESM1-0-MMh,ssp370SST-lowCH4,T1
AerChemMIP,MOHC,UKESM1-0-MMh,ssp370SST-lowNTCF,T2
AerChemMIP,MOHC,UKESM1-0-MMh,ssp370SST-lowO3,T2
AerChemMIP,MOHC,UKESM1-0-MMh,ssp370SST-ssp126Lu,T1
AerChemMIP,MOHC,UKESM1-0-MMh,ssp370SST,T1
AerChemMIP,MOHC,UKESM1-0-MMh,ssp370,T3
AerChemMIP,MRI,MRI-ESM2-0,hist-1950HC,T1
AerChemMIP,MRI,MRI-ESM2-0,hist-piAer,T1
AerChemMIP,MRI,MRI-ESM2-0,hist-piNTCF,T1
AerChemMIP,MRI,MRI-ESM2-0,histSST-1950HC,T2
AerChemMIP,MRI,MRI-ESM2-0,histSST-piAer,T1
AerChemMIP,MRI,MRI-ESM2-0,histSST-piCH4,T1
AerChemMIP,MRI,MRI-ESM2-0,histSST-piN2O,T1
AerChemMIP,MRI,MRI-ESM2-0,histSST-piNTCF,T2
AerChemMIP,MRI,MRI-ESM2-0,histSST-piO3,T1
AerChemMIP,MRI,MRI-ESM2-0,histSST,T1
AerChemMIP,MRI,MRI-ESM2-0,piClim-2xDMS,T2
AerChemMIP,MRI,MRI-ESM2-0,piClim-2xdust,T3
AerChemMIP,MRI,MRI-ESM2-0,piClim-2xfire,T3
AerChemMIP,MRI,MRI-ESM2-0,piClim-2xNOx,T1
AerChemMIP,MRI,MRI-ESM2-0,piClim-2xss,T3
AerChemMIP,MRI,MRI-ESM2-0,piClim-2xVOC,T2
AerChemMIP,MRI,MRI-ESM2-0,piClim-aer,T3
AerChemMIP,MRI,MRI-ESM2-0,piClim-BC,T2
AerChemMIP,MRI,MRI-ESM2-0,piClim-CH4,T3
AerChemMIP,MRI,MRI-ESM2-0,piClim-control,T3
AerChemMIP,MRI,MRI-ESM2-0,piClim-HC,T2
AerChemMIP,MRI,MRI-ESM2-0,piClim-N2O,T2
AerChemMIP,MRI,MRI-ESM2-0,piClim-NH3,T1
AerChemMIP,MRI,MRI-ESM2-0,piClim-NOx,T1
AerChemMIP,MRI,MRI-ESM2-0,piClim-NTCF,T2
AerChemMIP,MRI,MRI-ESM2-0,piClim-O3,T3
AerChemMIP,MRI,MRI-ESM2-0,piClim-OC,T3
AerChemMIP,MRI,MRI-ESM2-0,piClim-SO2,T1
AerChemMIP,MRI,MRI-ESM2-0,piClim-VOC,T2
AerChemMIP,MRI,MRI-ESM2-0,ssp370-lowNTCF,T1
AerChemMIP,MRI,MRI-ESM2-0,ssp370SST-lowAer,T1
AerChemMIP,MRI,MRI-ESM2-0,ssp370SST-lowBC,T1
AerChemMIP,MRI,MRI-ESM2-0,ssp370SST-lowCH4,T1
AerChemMIP,MRI,MRI-ESM2-0,ssp370SST-lowNTCF,T2
AerChemMIP,MRI,MRI-ESM2-0,ssp370SST-lowO3,T2
AerChemMIP,MRI,MRI-ESM2-0,ssp370SST-ssp126Lu,T1
AerChemMIP,MRI,MRI-ESM2-0,ssp370SST,T1
AerChemMIP,MRI,MRI-ESM2-0,ssp370,T3
AerChemMIP,NASA-GISS,GISS-E2-1-G,hist-1950HC,T1
AerChemMIP,NASA-GISS,GISS-E2-1-G,hist-piAer,T1
AerChemMIP,NASA-GISS,GISS-E2-1-G,hist-piNTCF,T1
AerChemMIP,NASA-GISS,GISS-E2-1-G,histSST-1950HC,T2
AerChemMIP,NASA-GISS,GISS-E2-1-G,histSST-piAer,T1
AerChemMIP,NASA-GISS,GISS-E2-1-G,histSST-piCH4,T1
AerChemMIP,NASA-GISS,GISS-E2-1-G,histSST-piN2O,T1
AerChemMIP,NASA-GISS,GISS-E2-1-G,histSST-piNTCF,T2
AerChemMIP,NASA-GISS,GISS-E2-1-G,histSST-piO3,T1
AerChemMIP,NASA-GISS,GISS-E2-1-G,histSST,T1
AerChemMIP,NASA-GISS,GISS-E2-1-G,piClim-2xDMS,T2
AerChemMIP,NASA-GISS,GISS-E2-1-G,piClim-2xdust,T3
AerChemMIP,NASA-GISS,GISS-E2-1-G,piClim-2xfire,T3
AerChemMIP,NASA-GISS,GISS-E2-1-G,piClim-2xNOx,T1
AerChemMIP,NASA-GISS,GISS-E2-1-G,piClim-2xss,T3
AerChemMIP,NASA-GISS,GISS-E2-1-G,piClim-2xVOC,T2
AerChemMIP,NASA-GISS,GISS-E2-1-G,piClim-aer,T3
AerChemMIP,NASA-GISS,GISS-E2-1-G,piClim-BC,T2
AerChemMIP,NASA-GISS,GISS-E2-1-G,piClim-CH4,T3
AerChemMIP,NASA-GISS,GISS-E2-1-G,piClim-control,T3
AerChemMIP,NASA-GISS,GISS-E2-1-G,piClim-HC,T2
AerChemMIP,NASA-GISS,GISS-E2-1-G,piClim-N2O,T2
AerChemMIP,NASA-GISS,GISS-E2-1-G,piClim-NH3,T1
AerChemMIP,NASA-GISS,GISS-E2-1-G,piClim-NOx,T1
AerChemMIP,NASA-GISS,GISS-E2-1-G,piClim-NTCF,T2
AerChemMIP,NASA-GISS,GISS-E2-1-G,piClim-O3,T3
AerChemMIP,NASA-GISS,GISS-E2-1-G,piClim-OC,T3
AerChemMIP,NASA-GISS,GISS-E2-1-G,piClim-SO2,T1
AerChemMIP,NASA-GISS,GISS-E2-1-G,piClim-VOC,T2
AerChemMIP,NASA-GISS,GISS-E2-1-G,ssp370-lowNTCF,T1
AerChemMIP,NASA-GISS,GISS-E2-1-G,ssp370SST-lowAer,T1
AerChemMIP,NASA-GISS,GISS-E2-1-G,ssp370SST-lowBC,T1
AerChemMIP,NASA-GISS,GISS-E2-1-G,ssp370SST-lowCH4,T1
AerChemMIP,NASA-GISS,GISS-E2-1-G,ssp370SST-lowNTCF,T2
AerChemMIP,NASA-GISS,GISS-E2-1-G,ssp370SST-lowO3,T2
AerChemMIP,NASA-GISS,GISS-E2-1-G,ssp370SST-ssp126Lu,T1
AerChemMIP,NASA-GISS,GISS-E2-1-G,ssp370SST,T1
AerChemMIP,NASA-GISS,GISS-E2-1-G,ssp370,T3
AerChemMIP,NASA-GISS,GISS-E3-G,hist-1950HC,T1
AerChemMIP,NASA-GISS,GISS-E3-G,hist-piAer,T1
AerChemMIP,NASA-GISS,GISS-E3-G,hist-piNTCF,T1
AerChemMIP,NASA-GISS,GISS-E3-G,histSST-1950HC,T2
AerChemMIP,NASA-GISS,GISS-E3-G,histSST-piAer,T1
AerChemMIP,NASA-GISS,GISS-E3-G,histSST-piCH4,T1
AerChemMIP,NASA-GISS,GISS-E3-G,histSST-piN2O,T1
AerChemMIP,NASA-GISS,GISS-E3-G,histSST-piNTCF,T2
AerChemMIP,NASA-GISS,GISS-E3-G,histSST-piO3,T1
AerChemMIP,NASA-GISS,GISS-E3-G,histSST,T1
AerChemMIP,NASA-GISS,GISS-E3-G,piClim-2xDMS,T2
AerChemMIP,NASA-GISS,GISS-E3-G,piClim-2xdust,T3
AerChemMIP,NASA-GISS,GISS-E3-G,piClim-2xfire,T3
AerChemMIP,NASA-GISS,GISS-E3-G,piClim-2xNOx,T1
AerChemMIP,NASA-GISS,GISS-E3-G,piClim-2xss,T3
AerChemMIP,NASA-GISS,GISS-E3-G,piClim-2xVOC,T2
AerChemMIP,NASA-GISS,GISS-E3-G,piClim-aer,T3
AerChemMIP,NASA-GISS,GISS-E3-G,piClim-BC,T2
AerChemMIP,NASA-GISS,GISS-E3-G,piClim-CH4,T3
AerChemMIP,NASA-GISS,GISS-E3-G,piClim-control,T3
AerChemMIP,NASA-GISS,GISS-E3-G,piClim-HC,T2
AerChemMIP,NASA-GISS,GISS-E3-G,piClim-N2O,T2
AerChemMIP,NASA-GISS,GISS-E3-G,piClim-NH3,T1
AerChemMIP,NASA-GISS,GISS-E3-G,piClim-NOx,T1
AerChemMIP,NASA-GISS,GISS-E3-G,piClim-NTCF,T2
AerChemMIP,NASA-GISS,GISS-E3-G,piClim-O3,T3
AerChemMIP,NASA-GISS,GISS-E3-G,piClim-OC,T3
AerChemMIP,NASA-GISS,GISS-E3-G,piClim-SO2,T1
AerChemMIP,NASA-GISS,GISS-E3-G,piClim-VOC,T2
AerChemMIP,NASA-GISS,GISS-E3-G,ssp370-lowNTCF,T1
AerChemMIP,NASA-GISS,GISS-E3-G,ssp370SST-lowAer,T1
AerChemMIP,NASA-GISS,GISS-E3-G,ssp370SST-lowBC,T1
AerChemMIP,NASA-GISS,GISS-E3-G,ssp370SST-lowCH4,T1
AerChemMIP,NASA-GISS,GISS-E3-G,ssp370SST-lowNTCF,T2
AerChemMIP,NASA-GISS,GISS-E3-G,ssp370SST-lowO3,T2
AerChemMIP,NASA-GISS,GISS-E3-G,ssp370SST-ssp126Lu,T1
AerChemMIP,NASA-GISS,GISS-E3-G,ssp370SST,T1
AerChemMIP,NASA-GISS,GISS-E3-G,ssp370,T3
AerChemMIP,NCAR,CESM2,hist-1950HC,T1
AerChemMIP,NCAR,CESM2,hist-piAer,T1
AerChemMIP,NCAR,CESM2,hist-piNTCF,T1
AerChemMIP,NCAR,CESM2,histSST-1950HC,T2
AerChemMIP,NCAR,CESM2,histSST-piAer,T1
AerChemMIP,NCAR,CESM2,histSST-piCH4,T1
AerChemMIP,NCAR,CESM2,histSST-piN2O,T1
AerChemMIP,NCAR,CESM2,histSST-piNTCF,T2
AerChemMIP,NCAR,CESM2,histSST-piO3,T1
AerChemMIP,NCAR,CESM2,histSST,T1
AerChemMIP,NCAR,CESM2,piClim-2xDMS,T2
AerChemMIP,NCAR,CESM2,piClim-2xdust,T3
AerChemMIP,NCAR,CESM2,piClim-2xfire,T3
AerChemMIP,NCAR,CESM2,piClim-2xNOx,T1
AerChemMIP,NCAR,CESM2,piClim-2xss,T3
AerChemMIP,NCAR,CESM2,piClim-2xVOC,T2
AerChemMIP,NCAR,CESM2,piClim-aer,T3
AerChemMIP,NCAR,CESM2,piClim-BC,T2
AerChemMIP,NCAR,CESM2,piClim-CH4,T3
AerChemMIP,NCAR,CESM2,piClim-control,T3
AerChemMIP,NCAR,CESM2,piClim-HC,T2
AerChemMIP,NCAR,CESM2,piClim-N2O,T2
AerChemMIP,NCAR,CESM2,piClim-NH3,T1
AerChemMIP,NCAR,CESM2,piClim-NOx,T1
AerChemMIP,NCAR,CESM2,piClim-NTCF,T2
AerChemMIP,NCAR,CESM2,piClim-O3,T3
AerChemMIP,NCAR,CESM2,piClim-OC,T3
AerChemMIP,NCAR,CESM2,piClim-SO2,T1
AerChemMIP,NCAR,CESM2,piClim-VOC,T2
AerChemMIP,NCAR,CESM2,ssp370-lowNTCF,T1
AerChemMIP,NCAR,CESM2,ssp370SST-lowAer,T1
AerChemMIP,NCAR,CESM2,ssp370SST-lowBC,T1
AerChemMIP,NCAR,CESM2,ssp370SST-lowCH4,T1
AerChemMIP,NCAR,CESM2,ssp370SST-lowNTCF,T2
AerChemMIP,NCAR,CESM2,ssp370SST-lowO3,T2
AerChemMIP,NCAR,CESM2,ssp370SST-ssp126Lu,T1
AerChemMIP,NCAR,CESM2,ssp370SST,T1
AerChemMIP,NCAR,CESM2,ssp370,T3
AerChemMIP,NCC,NorESM2-LMEC,hist-1950HC,T1
AerChemMIP,NCC,NorESM2-LMEC,hist-piAer,T1
AerChemMIP,NCC,NorESM2-LMEC,hist-piNTCF,T1
AerChemMIP,NCC,NorESM2-LMEC,histSST-1950HC,T2
AerChemMIP,NCC,NorESM2-LMEC,histSST-piAer,T1
AerChemMIP,NCC,NorESM2-LMEC,histSST-piCH4,T1
AerChemMIP,NCC,NorESM2-LMEC,histSST-piN2O,T1
AerChemMIP,NCC,NorESM2-LMEC,histSST-piNTCF,T2
AerChemMIP,NCC,NorESM2-LMEC,histSST-piO3,T1
AerChemMIP,NCC,NorESM2-LMEC,histSST,T1
AerChemMIP,NCC,NorESM2-LMEC,piClim-2xDMS,T2
AerChemMIP,NCC,NorESM2-LMEC,piClim-2xdust,T3
AerChemMIP,NCC,NorESM2-LMEC,piClim-2xfire,T3
AerChemMIP,NCC,NorESM2-LMEC,piClim-2xNOx,T1
AerChemMIP,NCC,NorESM2-LMEC,piClim-2xss,T3
AerChemMIP,NCC,NorESM2-LMEC,piClim-2xVOC,T2
AerChemMIP,NCC,NorESM2-LMEC,piClim-aer,T3
AerChemMIP,NCC,NorESM2-LMEC,piClim-BC,T2
AerChemMIP,NCC,NorESM2-LMEC,piClim-CH4,T3
AerChemMIP,NCC,NorESM2-LMEC,piClim-control,T3
AerChemMIP,NCC,NorESM2-LMEC,piClim-HC,T2
AerChemMIP,NCC,NorESM2-LMEC,piClim-N2O,T2
AerChemMIP,NCC,NorESM2-LMEC,piClim-NH3,T1
AerChemMIP,NCC,NorESM2-LMEC,piClim-NOx,T1
AerChemMIP,NCC,NorESM2-LMEC,piClim-NTCF,T2
AerChemMIP,NCC,NorESM2-LMEC,piClim-O3,T3
AerChemMIP,NCC,NorESM2-LMEC,piClim-OC,T3
AerChemMIP,NCC,NorESM2-LMEC,piClim-SO2,T1
AerChemMIP,NCC,NorESM2-LMEC,piClim-VOC,T2
AerChemMIP,NCC,NorESM2-LMEC,ssp370-lowNTCF,T1
AerChemMIP,NCC,NorESM2-LMEC,ssp370SST-lowAer,T1
AerChemMIP,NCC,NorESM2-LMEC,ssp370SST-lowBC,T1
AerChemMIP,NCC,NorESM2-LMEC,ssp370SST-lowCH4,T1
AerChemMIP,NCC,NorESM2-LMEC,ssp370SST-lowNTCF,T2
AerChemMIP,NCC,NorESM2-LMEC,ssp370SST-lowO3,T2
AerChemMIP,NCC,NorESM2-LMEC,ssp370SST-ssp126Lu,T1
AerChemMIP,NCC,NorESM2-LMEC,ssp370SST,T1
AerChemMIP,NCC,NorESM2-LMEC,ssp370,T3
AerChemMIP,NCC,NorESM2-LM,hist-1950HC,T1
AerChemMIP,NCC,NorESM2-LM,hist-piAer,T1
AerChemMIP,NCC,NorESM2-LM,hist-piNTCF,T1
AerChemMIP,NCC,NorESM2-LM,histSST-1950HC,T2
AerChemMIP,NCC,NorESM2-LM,histSST-piAer,T1
AerChemMIP,NCC,NorESM2-LM,histSST-piCH4,T1
AerChemMIP,NCC,NorESM2-LM,histSST-piN2O,T1
AerChemMIP,NCC,NorESM2-LM,histSST-piNTCF,T2
AerChemMIP,NCC,NorESM2-LM,histSST-piO3,T1
AerChemMIP,NCC,NorESM2-LM,histSST,T1
AerChemMIP,NCC,NorESM2-LM,piClim-2xDMS,T2
AerChemMIP,NCC,NorESM2-LM,piClim-2xdust,T3
AerChemMIP,NCC,NorESM2-LM,piClim-2xfire,T3
AerChemMIP,NCC,NorESM2-LM,piClim-2xNOx,T1
AerChemMIP,NCC,NorESM2-LM,piClim-2xss,T3
AerChemMIP,NCC,NorESM2-LM,piClim-2xVOC,T2
AerChemMIP,NCC,NorESM2-LM,piClim-aer,T3
AerChemMIP,NCC,NorESM2-LM,piClim-BC,T2
AerChemMIP,NCC,NorESM2-LM,piClim-CH4,T3
AerChemMIP,NCC,NorESM2-LM,piClim-control,T3
AerChemMIP,NCC,NorESM2-LM,piClim-HC,T2
AerChemMIP,NCC,NorESM2-LM,piClim-N2O,T2
AerChemMIP,NCC,NorESM2-LM,piClim-NH3,T1
AerChemMIP,NCC,NorESM2-LM,piClim-NOx,T1
AerChemMIP,NCC,NorESM2-LM,piClim-NTCF,T2
AerChemMIP,NCC,NorESM2-LM,piClim-O3,T3
AerChemMIP,NCC,NorESM2-LM,piClim-OC,T3
AerChemMIP,NCC,NorESM2-LM,piClim-SO2,T1
AerChemMIP,NCC,NorESM2-LM,piClim-VOC,T2
AerChemMIP,NCC,NorESM2-LM,ssp370-lowNTCF,T1
AerChemMIP,NCC,NorESM2-LM,ssp370SST-lowAer,T1
AerChemMIP,NCC,NorESM2-LM,ssp370SST-lowBC,T1
AerChemMIP,NCC,NorESM2-LM,ssp370SST-lowCH4,T1
AerChemMIP,NCC,NorESM2-LM,ssp370SST-lowNTCF,T2
AerChemMIP,NCC,NorESM2-LM,ssp370SST-lowO3,T2
AerChemMIP,NCC,NorESM2-LM,ssp370SST-ssp126Lu,T1
AerChemMIP,NCC,NorESM2-LM,ssp370SST,T1
AerChemMIP,NCC,NorESM2-LM,ssp370,T3
AerChemMIP,NCC,NorESM2-MH,hist-1950HC,T1
AerChemMIP,NCC,NorESM2-MH,hist-piAer,T1
AerChemMIP,NCC,NorESM2-MH,hist-piNTCF,T1
AerChemMIP,NCC,NorESM2-MH,histSST-1950HC,T2
AerChemMIP,NCC,NorESM2-MH,histSST-piAer,T1
AerChemMIP,NCC,NorESM2-MH,histSST-piCH4,T1
AerChemMIP,NCC,NorESM2-MH,histSST-piN2O,T1
AerChemMIP,NCC,NorESM2-MH,histSST-piNTCF,T2
AerChemMIP,NCC,NorESM2-MH,histSST-piO3,T1
AerChemMIP,NCC,NorESM2-MH,histSST,T1
AerChemMIP,NCC,NorESM2-MH,piClim-2xDMS,T2
AerChemMIP,NCC,NorESM2-MH,piClim-2xdust,T3
AerChemMIP,NCC,NorESM2-MH,piClim-2xfire,T3
AerChemMIP,NCC,NorESM2-MH,piClim-2xNOx,T1
AerChemMIP,NCC,NorESM2-MH,piClim-2xss,T3
AerChemMIP,NCC,NorESM2-MH,piClim-2xVOC,T2
AerChemMIP,NCC,NorESM2-MH,piClim-aer,T3
AerChemMIP,NCC,NorESM2-MH,piClim-BC,T2
AerChemMIP,NCC,NorESM2-MH,piClim-CH4,T3
AerChemMIP,NCC,NorESM2-MH,piClim-control,T3
AerChemMIP,NCC,NorESM2-MH,piClim-HC,T2
AerChemMIP,NCC,NorESM2-MH,piClim-N2O,T2
AerChemMIP,NCC,NorESM2-MH,piClim-NH3,T1
AerChemMIP,NCC,NorESM2-MH,piClim-NOx,T1
AerChemMIP,NCC,NorESM2-MH,piClim-NTCF,T2
AerChemMIP,NCC,NorESM2-MH,piClim-O3,T3
AerChemMIP,NCC,NorESM2-MH,piClim-OC,T3
AerChemMIP,NCC,NorESM2-MH,piClim-SO2,T1
AerChemMIP,NCC,NorESM2-MH,piClim-VOC,T2
AerChemMIP,NCC,NorESM2-MH,ssp370-lowNTCF,T1
AerChemMIP,NCC,NorESM2-MH,ssp370SST-lowAer,T1
AerChemMIP,NCC,NorESM2-MH,ssp370SST-lowBC,T1
AerChemMIP,NCC,NorESM2-MH,ssp370SST-lowCH4,T1
AerChemMIP,NCC,NorESM2-MH,ssp370SST-lowNTCF,T2
AerChemMIP,NCC,NorESM2-MH,ssp370SST-lowO3,T2
AerChemMIP,NCC,NorESM2-MH,ssp370SST-ssp126Lu,T1
AerChemMIP,NCC,NorESM2-MH,ssp370SST,T1
AerChemMIP,NCC,NorESM2-MH,ssp370,T3
AerChemMIP,NCC,NorESM2-MM,hist-1950HC,T1
AerChemMIP,NCC,NorESM2-MM,hist-piAer,T1
AerChemMIP,NCC,NorESM2-MM,hist-piNTCF,T1
AerChemMIP,NCC,NorESM2-MM,histSST-1950HC,T2
AerChemMIP,NCC,NorESM2-MM,histSST-piAer,T1
AerChemMIP,NCC,NorESM2-MM,histSST-piCH4,T1
AerChemMIP,NCC,NorESM2-MM,histSST-piN2O,T1
AerChemMIP,NCC,NorESM2-MM,histSST-piNTCF,T2
AerChemMIP,NCC,NorESM2-MM,histSST-piO3,T1
AerChemMIP,NCC,NorESM2-MM,histSST,T1
AerChemMIP,NCC,NorESM2-MM,piClim-2xDMS,T2
AerChemMIP,NCC,NorESM2-MM,piClim-2xdust,T3
AerChemMIP,NCC,NorESM2-MM,piClim-2xfire,T3
AerChemMIP,NCC,NorESM2-MM,piClim-2xNOx,T1
AerChemMIP,NCC,NorESM2-MM,piClim-2xss,T3
AerChemMIP,NCC,NorESM2-MM,piClim-2xVOC,T2
AerChemMIP,NCC,NorESM2-MM,piClim-aer,T3
AerChemMIP,NCC,NorESM2-MM,piClim-BC,T2
AerChemMIP,NCC,NorESM2-MM,piClim-CH4,T3
AerChemMIP,NCC,NorESM2-MM,piClim-control,T3
AerChemMIP,NCC,NorESM2-MM,piClim-HC,T2
AerChemMIP,NCC,NorESM2-MM,piClim-N2O,T2
AerChemMIP,NCC,NorESM2-MM,piClim-NH3,T1
AerChemMIP,NCC,NorESM2-MM,piClim-NOx,T1
AerChemMIP,NCC,NorESM2-MM,piClim-NTCF,T2
AerChemMIP,NCC,NorESM2-MM,piClim-O3,T3
AerChemMIP,NCC,NorESM2-MM,piClim-OC,T3
AerChemMIP,NCC,NorESM2-MM,piClim-SO2,T1
AerChemMIP,NCC,NorESM2-MM,piClim-VOC,T2
AerChemMIP,NCC,NorESM2-MM,ssp370-lowNTCF,T1
AerChemMIP,NCC,NorESM2-MM,ssp370SST-lowAer,T1
AerChemMIP,NCC,NorESM2-MM,ssp370SST-lowBC,T1
AerChemMIP,NCC,NorESM2-MM,ssp370SST-lowCH4,T1
AerChemMIP,NCC,NorESM2-MM,ssp370SST-lowNTCF,T2
AerChemMIP,NCC,NorESM2-MM,ssp370SST-lowO3,T2
AerChemMIP,NCC,NorESM2-MM,ssp370SST-ssp126Lu,T1
AerChemMIP,NCC,NorESM2-MM,ssp370SST,T1
AerChemMIP,NCC,NorESM2-MM,ssp370,T3
AerChemMIP,NERC,UKESM1-0-LL,hist-1950HC,T1
AerChemMIP,NERC,UKESM1-0-LL,hist-piAer,T1
AerChemMIP,NERC,UKESM1-0-LL,hist-piNTCF,T1
AerChemMIP,NERC,UKESM1-0-LL,histSST-1950HC,T2
AerChemMIP,NERC,UKESM1-0-LL,histSST-piAer,T1
AerChemMIP,NERC,UKESM1-0-LL,histSST-piCH4,T1
AerChemMIP,NERC,UKESM1-0-LL,histSST-piN2O,T1
AerChemMIP,NERC,UKESM1-0-LL,histSST-piNTCF,T2
AerChemMIP,NERC,UKESM1-0-LL,histSST-piO3,T1
AerChemMIP,NERC,UKESM1-0-LL,histSST,T1
AerChemMIP,NERC,UKESM1-0-LL,piClim-2xDMS,T2
AerChemMIP,NERC,UKESM1-0-LL,piClim-2xdust,T3
AerChemMIP,NERC,UKESM1-0-LL,piClim-2xfire,T3
AerChemMIP,NERC,UKESM1-0-LL,piClim-2xNOx,T1
AerChemMIP,NERC,UKESM1-0-LL,piClim-2xss,T3
AerChemMIP,NERC,UKESM1-0-LL,piClim-2xVOC,T2
AerChemMIP,NERC,UKESM1-0-LL,piClim-aer,T3
AerChemMIP,NERC,UKESM1-0-LL,piClim-BC,T2
AerChemMIP,NERC,UKESM1-0-LL,piClim-CH4,T3
AerChemMIP,NERC,UKESM1-0-LL,piClim-control,T3
AerChemMIP,NERC,UKESM1-0-LL,piClim-HC,T2
AerChemMIP,NERC,UKESM1-0-LL,piClim-N2O,T2
AerChemMIP,NERC,UKESM1-0-LL,piClim-NH3,T1
AerChemMIP,NERC,UKESM1-0-LL,piClim-NOx,T1
AerChemMIP,NERC,UKESM1-0-LL,piClim-NTCF,T2
AerChemMIP,NERC,UKESM1-0-LL,piClim-O3,T3
AerChemMIP,NERC,UKESM1-0-LL,piClim-OC,T3
AerChemMIP,NERC,UKESM1-0-LL,piClim-SO2,T1
AerChemMIP,NERC,UKESM1-0-LL,piClim-VOC,T2
AerChemMIP,NERC,UKESM1-0-LL,ssp370-lowNTCF,T1
AerChemMIP,NERC,UKESM1-0-LL,ssp370SST-lowAer,T1
AerChemMIP,NERC,UKESM1-0-LL,ssp370SST-lowBC,T1
AerChemMIP,NERC,UKESM1-0-LL,ssp370SST-lowCH4,T1
AerChemMIP,NERC,UKESM1-0-LL,ssp370SST-lowNTCF,T2
AerChemMIP,NERC,UKESM1-0-LL,ssp370SST-lowO3,T2
AerChemMIP,NERC,UKESM1-0-LL,ssp370SST-ssp126Lu,T1
AerChemMIP,NERC,UKESM1-0-LL,ssp370SST,T1
AerChemMIP,NERC,UKESM1-0-LL,ssp370,T3
AerChemMIP,NERC,UKESM1-0-MMh,hist-1950HC,T1
AerChemMIP,NERC,UKESM1-0-MMh,hist-piAer,T1
AerChemMIP,NERC,UKESM1-0-MMh,hist-piNTCF,T1
AerChemMIP,NERC,UKESM1-0-MMh,histSST-1950HC,T2
AerChemMIP,NERC,UKESM1-0-MMh,histSST-piAer,T1
AerChemMIP,NERC,UKESM1-0-MMh,histSST-piCH4,T1
AerChemMIP,NERC,UKESM1-0-MMh,histSST-piN2O,T1
AerChemMIP,NERC,UKESM1-0-MMh,histSST-piNTCF,T2
AerChemMIP,NERC,UKESM1-0-MMh,histSST-piO3,T1
AerChemMIP,NERC,UKESM1-0-MMh,histSST,T1
AerChemMIP,NERC,UKESM1-0-MMh,piClim-2xDMS,T2
AerChemMIP,NERC,UKESM1-0-MMh,piClim-2xdust,T3
AerChemMIP,NERC,UKESM1-0-MMh,piClim-2xfire,T3
AerChemMIP,NERC,UKESM1-0-MMh,piClim-2xNOx,T1
AerChemMIP,NERC,UKESM1-0-MMh,piClim-2xss,T3
AerChemMIP,NERC,UKESM1-0-MMh,piClim-2xVOC,T2
AerChemMIP,NERC,UKESM1-0-MMh,piClim-aer,T3
AerChemMIP,NERC,UKESM1-0-MMh,piClim-BC,T2
AerChemMIP,NERC,UKESM1-0-MMh,piClim-CH4,T3
AerChemMIP,NERC,UKESM1-0-MMh,piClim-control,T3
AerChemMIP,NERC,UKESM1-0-MMh,piClim-HC,T2
AerChemMIP,NERC,UKESM1-0-MMh,piClim-N2O,T2
AerChemMIP,NERC,UKESM1-0-MMh,piClim-NH3,T1
AerChemMIP,NERC,UKESM1-0-MMh,piClim-NOx,T1
AerChemMIP,NERC,UKESM1-0-MMh,piClim-NTCF,T2
AerChemMIP,NERC,UKESM1-0-MMh,piClim-O3,T3
AerChemMIP,NERC,UKESM1-0-MMh,piClim-OC,T3
AerChemMIP,NERC,UKESM1-0-MMh,piClim-SO2,T1
AerChemMIP,NERC,UKESM1-0-MMh,piClim-VOC,T2
AerChemMIP,NERC,UKESM1-0-MMh,ssp370-lowNTCF,T1
AerChemMIP,NERC,UKESM1-0-MMh,ssp370SST-lowAer,T1
AerChemMIP,NERC,UKESM1-0-MMh,ssp370SST-lowBC,T1
AerChemMIP,NERC,UKESM1-0-MMh,ssp370SST-lowCH4,T1
AerChemMIP,NERC,UKESM1-0-MMh,ssp370SST-lowNTCF,T2
AerChemMIP,NERC,UKESM1-0-MMh,ssp370SST-lowO3,T2
AerChemMIP,NERC,UKESM1-0-MMh,ssp370SST-ssp126Lu,T1
AerChemMIP,NERC,UKESM1-0-MMh,ssp370SST,T1
AerChemMIP,NERC,UKESM1-0-MMh,ssp370,T3
AerChemMIP,NIMS-KMA,UKESM1-0-LL,hist-1950HC,T1
AerChemMIP,NIMS-KMA,UKESM1-0-LL,hist-piAer,T1
AerChemMIP,NIMS-KMA,UKESM1-0-LL,hist-piNTCF,T1
AerChemMIP,NIMS-KMA,UKESM1-0-LL,histSST-1950HC,T2
AerChemMIP,NIMS-KMA,UKESM1-0-LL,histSST-piAer,T1
AerChemMIP,NIMS-KMA,UKESM1-0-LL,histSST-piCH4,T1
AerChemMIP,NIMS-KMA,UKESM1-0-LL,histSST-piN2O,T1
AerChemMIP,NIMS-KMA,UKESM1-0-LL,histSST-piNTCF,T2
AerChemMIP,NIMS-KMA,UKESM1-0-LL,histSST-piO3,T1
AerChemMIP,NIMS-KMA,UKESM1-0-LL,histSST,T1
AerChemMIP,NIMS-KMA,UKESM1-0-LL,piClim-2xDMS,T2
AerChemMIP,NIMS-KMA,UKESM1-0-LL,piClim-2xdust,T3
AerChemMIP,NIMS-KMA,UKESM1-0-LL,piClim-2xfire,T3
AerChemMIP,NIMS-KMA,UKESM1-0-LL,piClim-2xNOx,T1
AerChemMIP,NIMS-KMA,UKESM1-0-LL,piClim-2xss,T3
AerChemMIP,NIMS-KMA,UKESM1-0-LL,piClim-2xVOC,T2
AerChemMIP,NIMS-KMA,UKESM1-0-LL,piClim-aer,T3
AerChemMIP,NIMS-KMA,UKESM1-0-LL,piClim-BC,T2
AerChemMIP,NIMS-KMA,UKESM1-0-LL,piClim-CH4,T3
AerChemMIP,NIMS-KMA,UKESM1-0-LL,piClim-control,T3
AerChemMIP,NIMS-KMA,UKESM1-0-LL,piClim-HC,T2
AerChemMIP,NIMS-KMA,UKESM1-0-LL,piClim-N2O,T2
AerChemMIP,NIMS-KMA,UKESM1-0-LL,piClim-NH3,T1
AerChemMIP,NIMS-KMA,UKESM1-0-LL,piClim-NOx,T1
AerChemMIP,NIMS-KMA,UKESM1-0-LL,piClim-NTCF,T2
AerChemMIP,NIMS-KMA,UKESM1-0-LL,piClim-O3,T3
AerChemMIP,NIMS-KMA,UKESM1-0-LL,piClim-OC,T3
AerChemMIP,NIMS-KMA,UKESM1-0-LL,piClim-SO2,T1
AerChemMIP,NIMS-KMA,UKESM1-0-LL,piClim-VOC,T2
AerChemMIP,NIMS-KMA,UKESM1-0-LL,ssp370-lowNTCF,T1
AerChemMIP,NIMS-KMA,UKESM1-0-LL,ssp370SST-lowAer,T1
AerChemMIP,NIMS-KMA,UKESM1-0-LL,ssp370SST-lowBC,T1
AerChemMIP,NIMS-KMA,UKESM1-0-LL,ssp370SST-lowCH4,T1
AerChemMIP,NIMS-KMA,UKESM1-0-LL,ssp370SST-lowNTCF,T2
AerChemMIP,NIMS-KMA,UKESM1-0-LL,ssp370SST-lowO3,T2
AerChemMIP,NIMS-KMA,UKESM1-0-LL,ssp370SST-ssp126Lu,T1
AerChemMIP,NIMS-KMA,UKESM1-0-LL,ssp370SST,T1
AerChemMIP,NIMS-KMA,UKESM1-0-LL,ssp370,T3
AerChemMIP,NIWA,UKESM1-0-LL,hist-1950HC,T1
AerChemMIP,NIWA,UKESM1-0-LL,hist-piAer,T1
AerChemMIP,NIWA,UKESM1-0-LL,hist-piNTCF,T1
AerChemMIP,NIWA,UKESM1-0-LL,histSST-1950HC,T2
AerChemMIP,NIWA,UKESM1-0-LL,histSST-piAer,T1
AerChemMIP,NIWA,UKESM1-0-LL,histSST-piCH4,T1
AerChemMIP,NIWA,UKESM1-0-LL,histSST-piN2O,T1
AerChemMIP,NIWA,UKESM1-0-LL,histSST-piNTCF,T2
AerChemMIP,NIWA,UKESM1-0-LL,histSST-piO3,T1
AerChemMIP,NIWA,UKESM1-0-LL,histSST,T1
AerChemMIP,NIWA,UKESM1-0-LL,piClim-2xDMS,T2
AerChemMIP,NIWA,UKESM1-0-LL,piClim-2xdust,T3
AerChemMIP,NIWA,UKESM1-0-LL,piClim-2xfire,T3
AerChemMIP,NIWA,UKESM1-0-LL,piClim-2xNOx,T1
AerChemMIP,NIWA,UKESM1-0-LL,piClim-2xss,T3
AerChemMIP,NIWA,UKESM1-0-LL,piClim-2xVOC,T2
AerChemMIP,NIWA,UKESM1-0-LL,piClim-aer,T3
AerChemMIP,NIWA,UKESM1-0-LL,piClim-BC,T2
AerChemMIP,NIWA,UKESM1-0-LL,piClim-CH4,T3
AerChemMIP,NIWA,UKESM1-0-LL,piClim-control,T3
AerChemMIP,NIWA,UKESM1-0-LL,piClim-HC,T2
AerChemMIP,NIWA,UKESM1-0-LL,piClim-N2O,T2
AerChemMIP,NIWA,UKESM1-0-LL,piClim-NH3,T1
AerChemMIP,NIWA,UKESM1-0-LL,piClim-NOx,T1
AerChemMIP,NIWA,UKESM1-0-LL,piClim-NTCF,T2
AerChemMIP,NIWA,UKESM1-0-LL,piClim-O3,T3
AerChemMIP,NIWA,UKESM1-0-LL,piClim-OC,T3
AerChemMIP,NIWA,UKESM1-0-LL,piClim-SO2,T1
AerChemMIP,NIWA,UKESM1-0-LL,piClim-VOC,T2
AerChemMIP,NIWA,UKESM1-0-LL,ssp370-lowNTCF,T1
AerChemMIP,NIWA,UKESM1-0-LL,ssp370SST-lowAer,T1
AerChemMIP,NIWA,UKESM1-0-LL,ssp370SST-lowBC,T1
AerChemMIP,NIWA,UKESM1-0-LL,ssp370SST-lowCH4,T1
AerChemMIP,NIWA,UKESM1-0-LL,ssp370SST-lowNTCF,T2
AerChemMIP,NIWA,UKESM1-0-LL,ssp370SST-lowO3,T2
AerChemMIP,NIWA,UKESM1-0-LL,ssp370SST-ssp126Lu,T1
AerChemMIP,NIWA,UKESM1-0-LL,ssp370SST,T1
AerChemMIP,NIWA,UKESM1-0-LL,ssp370,T3
AerChemMIP,NOAA-GFDL,GFDL-ESM4,hist-1950HC,T1
AerChemMIP,NOAA-GFDL,GFDL-ESM4,hist-piAer,T1
AerChemMIP,NOAA-GFDL,GFDL-ESM4,hist-piNTCF,T1
AerChemMIP,NOAA-GFDL,GFDL-ESM4,histSST-1950HC,T2
AerChemMIP,NOAA-GFDL,GFDL-ESM4,histSST-piAer,T1
AerChemMIP,NOAA-GFDL,GFDL-ESM4,histSST-piCH4,T1
AerChemMIP,NOAA-GFDL,GFDL-ESM4,histSST-piN2O,T1
AerChemMIP,NOAA-GFDL,GFDL-ESM4,histSST-piNTCF,T2
AerChemMIP,NOAA-GFDL,GFDL-ESM4,histSST-piO3,T1
AerChemMIP,NOAA-GFDL,GFDL-ESM4,histSST,T1
AerChemMIP,NOAA-GFDL,GFDL-ESM4,piClim-2xDMS,T2
AerChemMIP,NOAA-GFDL,GFDL-ESM4,piClim-2xdust,T3
AerChemMIP,NOAA-GFDL,GFDL-ESM4,piClim-2xfire,T3
AerChemMIP,NOAA-GFDL,GFDL-ESM4,piClim-2xNOx,T1
AerChemMIP,NOAA-GFDL,GFDL-ESM4,piClim-2xss,T3
AerChemMIP,NOAA-GFDL,GFDL-ESM4,piClim-2xVOC,T2
AerChemMIP,NOAA-GFDL,GFDL-ESM4,piClim-aer,T3
AerChemMIP,NOAA-GFDL,GFDL-ESM4,piClim-BC,T2
AerChemMIP,NOAA-GFDL,GFDL-ESM4,piClim-CH4,T3
AerChemMIP,NOAA-GFDL,GFDL-ESM4,piClim-control,T3
AerChemMIP,NOAA-GFDL,GFDL-ESM4,piClim-HC,T2
AerChemMIP,NOAA-GFDL,GFDL-ESM4,piClim-N2O,T2
AerChemMIP,NOAA-GFDL,GFDL-ESM4,piClim-NH3,T1
AerChemMIP,NOAA-GFDL,GFDL-ESM4,piClim-NOx,T1
AerChemMIP,NOAA-GFDL,GFDL-ESM4,piClim-NTCF,T2
AerChemMIP,NOAA-GFDL,GFDL-ESM4,piClim-O3,T3
AerChemMIP,NOAA-GFDL,GFDL-ESM4,piClim-OC,T3
AerChemMIP,NOAA-GFDL,GFDL-ESM4,piClim-SO2,T1
AerChemMIP,NOAA-GFDL,GFDL-ESM4,piClim-VOC,T2
AerChemMIP,NOAA-GFDL,GFDL-ESM4,ssp370-lowNTCF,T1
AerChemMIP,NOAA-GFDL,GFDL-ESM4,ssp370SST-lowAer,T1
AerChemMIP,NOAA-GFDL,GFDL-ESM4,ssp370SST-lowBC,T1
AerChemMIP,NOAA-GFDL,GFDL-ESM4,ssp370SST-lowCH4,T1
AerChemMIP,NOAA-GFDL,GFDL-ESM4,ssp370SST-lowNTCF,T2
AerChemMIP,NOAA-GFDL,GFDL-ESM4,ssp370SST-lowO3,T2
AerChemMIP,NOAA-GFDL,GFDL-ESM4,ssp370SST-ssp126Lu,T1
AerChemMIP,NOAA-GFDL,GFDL-ESM4,ssp370SST,T1
AerChemMIP,NOAA-GFDL,GFDL-ESM4,ssp370,T3
