CMIP,AWI,AWI-CM-1-1-HR,1pctCO2,T1
CMIP,AWI,AWI-CM-1-1-HR,abrupt-4xCO2,T1
CMIP,AWI,AWI-CM-1-1-HR,amip,T1
CMIP,AWI,AWI-CM-1-1-HR,esm-hist-ext,T2
CMIP,AWI,AWI-CM-1-1-HR,esm-hist,T1
CMIP,AWI,AWI-CM-1-1-HR,esm-piControl-spinup,T2
CMIP,AWI,AWI-CM-1-1-HR,esm-piControl,T1
CMIP,AWI,AWI-CM-1-1-HR,historical-ext,T2
CMIP,AWI,AWI-CM-1-1-HR,historical,T1
CMIP,AWI,AWI-CM-1-1-HR,piControl-spinup,T2
CMIP,AWI,AWI-CM-1-1-HR,piControl,T1
CMIP,AWI,AWI-CM-1-1-LR,1pctCO2,T1
CMIP,AWI,AWI-CM-1-1-LR,abrupt-4xCO2,T1
CMIP,AWI,AWI-CM-1-1-LR,amip,T1
CMIP,AWI,AWI-CM-1-1-LR,esm-hist-ext,T2
CMIP,AWI,AWI-CM-1-1-LR,esm-hist,T1
CMIP,AWI,AWI-CM-1-1-LR,esm-piControl-spinup,T2
CMIP,AWI,AWI-CM-1-1-LR,esm-piControl,T1
CMIP,AWI,AWI-CM-1-1-LR,historical-ext,T2
CMIP,AWI,AWI-CM-1-1-LR,historical,T1
CMIP,AWI,AWI-CM-1-1-LR,piControl-spinup,T2
CMIP,AWI,AWI-CM-1-1-LR,piControl,T1
CMIP,AWI,AWI-CM-1-1-MR,1pctCO2,T1
CMIP,AWI,AWI-CM-1-1-MR,abrupt-4xCO2,T1
CMIP,AWI,AWI-CM-1-1-MR,amip,T1
CMIP,AWI,AWI-CM-1-1-MR,esm-hist-ext,T2
CMIP,AWI,AWI-CM-1-1-MR,esm-hist,T1
CMIP,AWI,AWI-CM-1-1-MR,esm-piControl-spinup,T2
CMIP,AWI,AWI-CM-1-1-MR,esm-piControl,T1
CMIP,AWI,AWI-CM-1-1-MR,historical-ext,T2
CMIP,AWI,AWI-CM-1-1-MR,historical,T1
CMIP,AWI,AWI-CM-1-1-MR,piControl-spinup,T2
CMIP,AWI,AWI-CM-1-1-MR,piControl,T1
CMIP,AWI,MPI-ESM1-2-LR,1pctCO2,T1
CMIP,AWI,MPI-ESM1-2-LR,abrupt-4xCO2,T1
CMIP,AWI,MPI-ESM1-2-LR,amip,T1
CMIP,AWI,MPI-ESM1-2-LR,esm-hist-ext,T2
CMIP,AWI,MPI-ESM1-2-LR,esm-hist,T1
CMIP,AWI,MPI-ESM1-2-LR,esm-piControl-spinup,T2
CMIP,AWI,MPI-ESM1-2-LR,esm-piControl,T1
CMIP,AWI,MPI-ESM1-2-LR,historical-ext,T2
CMIP,AWI,MPI-ESM1-2-LR,historical,T1
CMIP,AWI,MPI-ESM1-2-LR,piControl-spinup,T2
CMIP,AWI,MPI-ESM1-2-LR,piControl,T1
CMIP,BCC,BCC-CSM2-HR,1pctCO2,T1
CMIP,BCC,BCC-CSM2-HR,abrupt-4xCO2,T1
CMIP,BCC,BCC-CSM2-HR,amip,T1
CMIP,BCC,BCC-CSM2-HR,esm-hist-ext,T2
CMIP,BCC,BCC-CSM2-HR,esm-hist,T1
CMIP,BCC,BCC-CSM2-HR,esm-piControl-spinup,T2
CMIP,BCC,BCC-CSM2-HR,esm-piControl,T1
CMIP,BCC,BCC-CSM2-HR,historical-ext,T2
CMIP,BCC,BCC-CSM2-HR,historical,T1
CMIP,BCC,BCC-CSM2-HR,piControl-spinup,T2
CMIP,BCC,BCC-CSM2-HR,piControl,T1
CMIP,BCC,BCC-CSM2-MR,1pctCO2,T1
CMIP,BCC,BCC-CSM2-MR,abrupt-4xCO2,T1
CMIP,BCC,BCC-CSM2-MR,amip,T1
CMIP,BCC,BCC-CSM2-MR,esm-hist-ext,T2
CMIP,BCC,BCC-CSM2-MR,esm-hist,T1
CMIP,BCC,BCC-CSM2-MR,esm-piControl-spinup,T2
CMIP,BCC,BCC-CSM2-MR,esm-piControl,T1
CMIP,BCC,BCC-CSM2-MR,historical-ext,T2
CMIP,BCC,BCC-CSM2-MR,historical,T1
CMIP,BCC,BCC-CSM2-MR,piControl-spinup,T2
CMIP,BCC,BCC-CSM2-MR,piControl,T1
CMIP,BCC,BCC-ESM1,1pctCO2,T1
CMIP,BCC,BCC-ESM1,abrupt-4xCO2,T1
CMIP,BCC,BCC-ESM1,amip,T1
CMIP,BCC,BCC-ESM1,esm-hist-ext,T2
CMIP,BCC,BCC-ESM1,esm-hist,T1
CMIP,BCC,BCC-ESM1,esm-piControl-spinup,T2
CMIP,BCC,BCC-ESM1,esm-piControl,T1
CMIP,BCC,BCC-ESM1,historical-ext,T2
CMIP,BCC,BCC-ESM1,historical,T1
CMIP,BCC,BCC-ESM1,piControl-spinup,T2
CMIP,BCC,BCC-ESM1,piControl,T1
CMIP,BNU,BNU-ESM-1-1,1pctCO2,T1
CMIP,BNU,BNU-ESM-1-1,abrupt-4xCO2,T1
CMIP,BNU,BNU-ESM-1-1,amip,T1
CMIP,BNU,BNU-ESM-1-1,esm-hist-ext,T2
CMIP,BNU,BNU-ESM-1-1,esm-hist,T1
CMIP,BNU,BNU-ESM-1-1,esm-piControl-spinup,T2
CMIP,BNU,BNU-ESM-1-1,esm-piControl,T1
CMIP,BNU,BNU-ESM-1-1,historical-ext,T2
CMIP,BNU,BNU-ESM-1-1,historical,T1
CMIP,BNU,BNU-ESM-1-1,piControl-spinup,T2
CMIP,BNU,BNU-ESM-1-1,piControl,T1
CMIP,CAMS,CAMS-CSM1-0,1pctCO2,T1
CMIP,CAMS,CAMS-CSM1-0,abrupt-4xCO2,T1
CMIP,CAMS,CAMS-CSM1-0,amip,T1
CMIP,CAMS,CAMS-CSM1-0,esm-hist-ext,T2
CMIP,CAMS,CAMS-CSM1-0,esm-hist,T1
CMIP,CAMS,CAMS-CSM1-0,esm-piControl-spinup,T2
CMIP,CAMS,CAMS-CSM1-0,esm-piControl,T1
CMIP,CAMS,CAMS-CSM1-0,historical-ext,T2
CMIP,CAMS,CAMS-CSM1-0,historical,T1
CMIP,CAMS,CAMS-CSM1-0,piControl-spinup,T2
CMIP,CAMS,CAMS-CSM1-0,piControl,T1
CMIP,CAS,CAS-ESM1-0,1pctCO2,T1
CMIP,CAS,CAS-ESM1-0,abrupt-4xCO2,T1
CMIP,CAS,CAS-ESM1-0,amip,T1
CMIP,CAS,CAS-ESM1-0,esm-hist-ext,T2
CMIP,CAS,CAS-ESM1-0,esm-hist,T1
CMIP,CAS,CAS-ESM1-0,esm-piControl-spinup,T2
CMIP,CAS,CAS-ESM1-0,esm-piControl,T1
CMIP,CAS,CAS-ESM1-0,historical-ext,T2
CMIP,CAS,CAS-ESM1-0,historical,T1
CMIP,CAS,CAS-ESM1-0,piControl-spinup,T2
CMIP,CAS,CAS-ESM1-0,piControl,T1
CMIP,CAS,FGOALS-f3-H,1pctCO2,T1
CMIP,CAS,FGOALS-f3-H,abrupt-4xCO2,T1
CMIP,CAS,FGOALS-f3-H,amip,T1
CMIP,CAS,FGOALS-f3-H,esm-hist-ext,T2
CMIP,CAS,FGOALS-f3-H,esm-hist,T1
CMIP,CAS,FGOALS-f3-H,esm-piControl-spinup,T2
CMIP,CAS,FGOALS-f3-H,esm-piControl,T1
CMIP,CAS,FGOALS-f3-H,historical-ext,T2
CMIP,CAS,FGOALS-f3-H,historical,T1
CMIP,CAS,FGOALS-f3-H,piControl-spinup,T2
CMIP,CAS,FGOALS-f3-H,piControl,T1
CMIP,CAS,FGOALS-f3-L,1pctCO2,T1
CMIP,CAS,FGOALS-f3-L,abrupt-4xCO2,T1
CMIP,CAS,FGOALS-f3-L,amip,T1
CMIP,CAS,FGOALS-f3-L,esm-hist-ext,T2
CMIP,CAS,FGOALS-f3-L,esm-hist,T1
CMIP,CAS,FGOALS-f3-L,esm-piControl-spinup,T2
CMIP,CAS,FGOALS-f3-L,esm-piControl,T1
CMIP,CAS,FGOALS-f3-L,historical-ext,T2
CMIP,CAS,FGOALS-f3-L,historical,T1
CMIP,CAS,FGOALS-f3-L,piControl-spinup,T2
CMIP,CAS,FGOALS-f3-L,piControl,T1
CMIP,CAS,FGOALS-g3,1pctCO2,T1
CMIP,CAS,FGOALS-g3,abrupt-4xCO2,T1
CMIP,CAS,FGOALS-g3,amip,T1
CMIP,CAS,FGOALS-g3,esm-hist-ext,T2
CMIP,CAS,FGOALS-g3,esm-hist,T1
CMIP,CAS,FGOALS-g3,esm-piControl-spinup,T2
CMIP,CAS,FGOALS-g3,esm-piControl,T1
CMIP,CAS,FGOALS-g3,historical-ext,T2
CMIP,CAS,FGOALS-g3,historical,T1
CMIP,CAS,FGOALS-g3,piControl-spinup,T2
CMIP,CAS,FGOALS-g3,piControl,T1
CMIP,CCCma,CanESM5,1pctCO2,T1
CMIP,CCCma,CanESM5,abrupt-4xCO2,T1
CMIP,CCCma,CanESM5,amip,T1
CMIP,CCCma,CanESM5,esm-hist-ext,T2
CMIP,CCCma,CanESM5,esm-hist,T1
CMIP,CCCma,CanESM5,esm-piControl-spinup,T2
CMIP,CCCma,CanESM5,esm-piControl,T1
CMIP,CCCma,CanESM5,historical-ext,T2
CMIP,CCCma,CanESM5,historical,T1
CMIP,CCCma,CanESM5,piControl-spinup,T2
CMIP,CCCma,CanESM5,piControl,T1
CMIP,CCCR-IITM,IITM-ESM,1pctCO2,T1
CMIP,CCCR-IITM,IITM-ESM,abrupt-4xCO2,T1
CMIP,CCCR-IITM,IITM-ESM,amip,T1
CMIP,CCCR-IITM,IITM-ESM,esm-hist-ext,T2
CMIP,CCCR-IITM,IITM-ESM,esm-hist,T1
CMIP,CCCR-IITM,IITM-ESM,esm-piControl-spinup,T2
CMIP,CCCR-IITM,IITM-ESM,esm-piControl,T1
CMIP,CCCR-IITM,IITM-ESM,historical-ext,T2
CMIP,CCCR-IITM,IITM-ESM,historical,T1
CMIP,CCCR-IITM,IITM-ESM,piControl-spinup,T2
CMIP,CCCR-IITM,IITM-ESM,piControl,T1
CMIP,CMCC,CMCC-CM2-HR4,1pctCO2,T1
CMIP,CMCC,CMCC-CM2-HR4,abrupt-4xCO2,T1
CMIP,CMCC,CMCC-CM2-HR4,amip,T1
CMIP,CMCC,CMCC-CM2-HR4,esm-hist-ext,T2
CMIP,CMCC,CMCC-CM2-HR4,esm-hist,T1
CMIP,CMCC,CMCC-CM2-HR4,esm-piControl-spinup,T2
CMIP,CMCC,CMCC-CM2-HR4,esm-piControl,T1
CMIP,CMCC,CMCC-CM2-HR4,historical-ext,T2
CMIP,CMCC,CMCC-CM2-HR4,historical,T1
CMIP,CMCC,CMCC-CM2-HR4,piControl-spinup,T2
CMIP,CMCC,CMCC-CM2-HR4,piControl,T1
CMIP,CMCC,CMCC-CM2-HR5,1pctCO2,T1
CMIP,CMCC,CMCC-CM2-HR5,abrupt-4xCO2,T1
CMIP,CMCC,CMCC-CM2-HR5,amip,T1
CMIP,CMCC,CMCC-CM2-HR5,esm-hist-ext,T2
CMIP,CMCC,CMCC-CM2-HR5,esm-hist,T1
CMIP,CMCC,CMCC-CM2-HR5,esm-piControl-spinup,T2
CMIP,CMCC,CMCC-CM2-HR5,esm-piControl,T1
CMIP,CMCC,CMCC-CM2-HR5,historical-ext,T2
CMIP,CMCC,CMCC-CM2-HR5,historical,T1
CMIP,CMCC,CMCC-CM2-HR5,piControl-spinup,T2
CMIP,CMCC,CMCC-CM2-HR5,piControl,T1
CMIP,CMCC,CMCC-CM2-SR5,1pctCO2,T1
CMIP,CMCC,CMCC-CM2-SR5,abrupt-4xCO2,T1
CMIP,CMCC,CMCC-CM2-SR5,amip,T1
CMIP,CMCC,CMCC-CM2-SR5,esm-hist-ext,T2
CMIP,CMCC,CMCC-CM2-SR5,esm-hist,T1
CMIP,CMCC,CMCC-CM2-SR5,esm-piControl-spinup,T2
CMIP,CMCC,CMCC-CM2-SR5,esm-piControl,T1
CMIP,CMCC,CMCC-CM2-SR5,historical-ext,T2
CMIP,CMCC,CMCC-CM2-SR5,historical,T1
CMIP,CMCC,CMCC-CM2-SR5,piControl-spinup,T2
CMIP,CMCC,CMCC-CM2-SR5,piControl,T1
CMIP,CMCC,CMCC-CM2-VHR4,1pctCO2,T1
CMIP,CMCC,CMCC-CM2-VHR4,abrupt-4xCO2,T1
CMIP,CMCC,CMCC-CM2-VHR4,amip,T1
CMIP,CMCC,CMCC-CM2-VHR4,esm-hist-ext,T2
CMIP,CMCC,CMCC-CM2-VHR4,esm-hist,T1
CMIP,CMCC,CMCC-CM2-VHR4,esm-piControl-spinup,T2
CMIP,CMCC,CMCC-CM2-VHR4,esm-piControl,T1
CMIP,CMCC,CMCC-CM2-VHR4,historical-ext,T2
CMIP,CMCC,CMCC-CM2-VHR4,historical,T1
CMIP,CMCC,CMCC-CM2-VHR4,piControl-spinup,T2
CMIP,CMCC,CMCC-CM2-VHR4,piControl,T1
CMIP,CMCC,CMCC-ESM2-HR5,1pctCO2,T1
CMIP,CMCC,CMCC-ESM2-HR5,abrupt-4xCO2,T1
CMIP,CMCC,CMCC-ESM2-HR5,amip,T1
CMIP,CMCC,CMCC-ESM2-HR5,esm-hist-ext,T2
CMIP,CMCC,CMCC-ESM2-HR5,esm-hist,T1
CMIP,CMCC,CMCC-ESM2-HR5,esm-piControl-spinup,T2
CMIP,CMCC,CMCC-ESM2-HR5,esm-piControl,T1
CMIP,CMCC,CMCC-ESM2-HR5,historical-ext,T2
CMIP,CMCC,CMCC-ESM2-HR5,historical,T1
CMIP,CMCC,CMCC-ESM2-HR5,piControl-spinup,T2
CMIP,CMCC,CMCC-ESM2-HR5,piControl,T1
CMIP,CMCC,CMCC-ESM2-SR5,1pctCO2,T1
CMIP,CMCC,CMCC-ESM2-SR5,abrupt-4xCO2,T1
CMIP,CMCC,CMCC-ESM2-SR5,amip,T1
CMIP,CMCC,CMCC-ESM2-SR5,esm-hist-ext,T2
CMIP,CMCC,CMCC-ESM2-SR5,esm-hist,T1
CMIP,CMCC,CMCC-ESM2-SR5,esm-piControl-spinup,T2
CMIP,CMCC,CMCC-ESM2-SR5,esm-piControl,T1
CMIP,CMCC,CMCC-ESM2-SR5,historical-ext,T2
CMIP,CMCC,CMCC-ESM2-SR5,historical,T1
CMIP,CMCC,CMCC-ESM2-SR5,piControl-spinup,T2
CMIP,CMCC,CMCC-ESM2-SR5,piControl,T1
CMIP,CNRM-CERFACS,CNRM-CM6-1,1pctCO2,T1
CMIP,CNRM-CERFACS,CNRM-CM6-1,abrupt-4xCO2,T1
CMIP,CNRM-CERFACS,CNRM-CM6-1,amip,T1
CMIP,CNRM-CERFACS,CNRM-CM6-1,esm-hist-ext,T2
CMIP,CNRM-CERFACS,CNRM-CM6-1,esm-hist,T1
CMIP,CNRM-CERFACS,CNRM-CM6-1,esm-piControl-spinup,T2
CMIP,CNRM-CERFACS,CNRM-CM6-1,esm-piControl,T1
CMIP,CNRM-CERFACS,CNRM-CM6-1,historical-ext,T2
CMIP,CNRM-CERFACS,CNRM-CM6-1,historical,T1
CMIP,CNRM-CERFACS,CNRM-CM6-1-HR,1pctCO2,T1
CMIP,CNRM-CERFACS,CNRM-CM6-1-HR,abrupt-4xCO2,T1
CMIP,CNRM-CERFACS,CNRM-CM6-1-HR,amip,T1
CMIP,CNRM-CERFACS,CNRM-CM6-1-HR,esm-hist-ext,T2
CMIP,CNRM-CERFACS,CNRM-CM6-1-HR,esm-hist,T1
CMIP,CNRM-CERFACS,CNRM-CM6-1-HR,esm-piControl-spinup,T2
CMIP,CNRM-CERFACS,CNRM-CM6-1-HR,esm-piControl,T1
CMIP,CNRM-CERFACS,CNRM-CM6-1-HR,historical-ext,T2
CMIP,CNRM-CERFACS,CNRM-CM6-1-HR,historical,T1
CMIP,CNRM-CERFACS,CNRM-CM6-1-HR,piControl-spinup,T2
CMIP,CNRM-CERFACS,CNRM-CM6-1-HR,piControl,T1
CMIP,CNRM-CERFACS,CNRM-CM6-1,piControl-spinup,T2
CMIP,CNRM-CERFACS,CNRM-CM6-1,piControl,T1
CMIP,CNRM-CERFACS,CNRM-ESM2-1,1pctCO2,T1
CMIP,CNRM-CERFACS,CNRM-ESM2-1,abrupt-4xCO2,T1
CMIP,CNRM-CERFACS,CNRM-ESM2-1,amip,T1
CMIP,CNRM-CERFACS,CNRM-ESM2-1,esm-hist-ext,T2
CMIP,CNRM-CERFACS,CNRM-ESM2-1,esm-hist,T1
CMIP,CNRM-CERFACS,CNRM-ESM2-1,esm-piControl-spinup,T2
CMIP,CNRM-CERFACS,CNRM-ESM2-1,esm-piControl,T1
CMIP,CNRM-CERFACS,CNRM-ESM2-1,historical-ext,T2
CMIP,CNRM-CERFACS,CNRM-ESM2-1,historical,T1
CMIP,CNRM-CERFACS,CNRM-ESM2-1-HR,1pctCO2,T1
CMIP,CNRM-CERFACS,CNRM-ESM2-1-HR,abrupt-4xCO2,T1
CMIP,CNRM-CERFACS,CNRM-ESM2-1-HR,amip,T1
CMIP,CNRM-CERFACS,CNRM-ESM2-1-HR,esm-hist-ext,T2
CMIP,CNRM-CERFACS,CNRM-ESM2-1-HR,esm-hist,T1
CMIP,CNRM-CERFACS,CNRM-ESM2-1-HR,esm-piControl-spinup,T2
CMIP,CNRM-CERFACS,CNRM-ESM2-1-HR,esm-piControl,T1
CMIP,CNRM-CERFACS,CNRM-ESM2-1-HR,historical-ext,T2
CMIP,CNRM-CERFACS,CNRM-ESM2-1-HR,historical,T1
CMIP,CNRM-CERFACS,CNRM-ESM2-1-HR,piControl-spinup,T2
CMIP,CNRM-CERFACS,CNRM-ESM2-1-HR,piControl,T1
CMIP,CNRM-CERFACS,CNRM-ESM2-1,piControl-spinup,T2
CMIP,CNRM-CERFACS,CNRM-ESM2-1,piControl,T1
CMIP,CSIR-CSIRO,VRESM-1-0,1pctCO2,T1
CMIP,CSIR-CSIRO,VRESM-1-0,abrupt-4xCO2,T1
CMIP,CSIR-CSIRO,VRESM-1-0,amip,T1
CMIP,CSIR-CSIRO,VRESM-1-0,esm-hist-ext,T2
CMIP,CSIR-CSIRO,VRESM-1-0,esm-hist,T1
CMIP,CSIR-CSIRO,VRESM-1-0,esm-piControl-spinup,T2
CMIP,CSIR-CSIRO,VRESM-1-0,esm-piControl,T1
CMIP,CSIR-CSIRO,VRESM-1-0,historical-ext,T2
CMIP,CSIR-CSIRO,VRESM-1-0,historical,T1
CMIP,CSIR-CSIRO,VRESM-1-0,piControl-spinup,T2
CMIP,CSIR-CSIRO,VRESM-1-0,piControl,T1
CMIP,CSIRO,ACCESS-ESM1-5,1pctCO2,T1
CMIP,CSIRO,ACCESS-ESM1-5,abrupt-4xCO2,T1
CMIP,CSIRO,ACCESS-ESM1-5,amip,T1
CMIP,CSIRO,ACCESS-ESM1-5,esm-hist-ext,T2
CMIP,CSIRO,ACCESS-ESM1-5,esm-hist,T1
CMIP,CSIRO,ACCESS-ESM1-5,esm-piControl-spinup,T2
CMIP,CSIRO,ACCESS-ESM1-5,esm-piControl,T1
CMIP,CSIRO,ACCESS-ESM1-5,historical-ext,T2
CMIP,CSIRO,ACCESS-ESM1-5,historical,T1
CMIP,CSIRO,ACCESS-ESM1-5,piControl-spinup,T2
CMIP,CSIRO,ACCESS-ESM1-5,piControl,T1
CMIP,CSIRO-ARCCSS-BoM,ACCESS-CM2,1pctCO2,T1
CMIP,CSIRO-ARCCSS-BoM,ACCESS-CM2,abrupt-4xCO2,T1
CMIP,CSIRO-ARCCSS-BoM,ACCESS-CM2,amip,T1
CMIP,CSIRO-ARCCSS-BoM,ACCESS-CM2,esm-hist-ext,T2
CMIP,CSIRO-ARCCSS-BoM,ACCESS-CM2,esm-hist,T1
CMIP,CSIRO-ARCCSS-BoM,ACCESS-CM2,esm-piControl-spinup,T2
CMIP,CSIRO-ARCCSS-BoM,ACCESS-CM2,esm-piControl,T1
CMIP,CSIRO-ARCCSS-BoM,ACCESS-CM2,historical-ext,T2
CMIP,CSIRO-ARCCSS-BoM,ACCESS-CM2,historical,T1
CMIP,CSIRO-ARCCSS-BoM,ACCESS-CM2,piControl-spinup,T2
CMIP,CSIRO-ARCCSS-BoM,ACCESS-CM2,piControl,T1
CMIP,DWD,MPI-ESM1-2-HR,1pctCO2,T1
CMIP,DWD,MPI-ESM1-2-HR,abrupt-4xCO2,T1
CMIP,DWD,MPI-ESM1-2-HR,amip,T1
CMIP,DWD,MPI-ESM1-2-HR,esm-hist-ext,T2
CMIP,DWD,MPI-ESM1-2-HR,esm-hist,T1
CMIP,DWD,MPI-ESM1-2-HR,esm-piControl-spinup,T2
CMIP,DWD,MPI-ESM1-2-HR,esm-piControl,T1
CMIP,DWD,MPI-ESM1-2-HR,historical-ext,T2
CMIP,DWD,MPI-ESM1-2-HR,historical,T1
CMIP,DWD,MPI-ESM1-2-HR,piControl-spinup,T2
CMIP,DWD,MPI-ESM1-2-HR,piControl,T1
CMIP,E3SM-Project,E3SM-1-0,1pctCO2,T1
CMIP,E3SM-Project,E3SM-1-0,abrupt-4xCO2,T1
CMIP,E3SM-Project,E3SM-1-0,amip,T1
CMIP,E3SM-Project,E3SM-1-0,esm-hist-ext,T2
CMIP,E3SM-Project,E3SM-1-0,esm-hist,T1
CMIP,E3SM-Project,E3SM-1-0,esm-piControl-spinup,T2
CMIP,E3SM-Project,E3SM-1-0,esm-piControl,T1
CMIP,E3SM-Project,E3SM-1-0,historical-ext,T2
CMIP,E3SM-Project,E3SM-1-0,historical,T1
CMIP,E3SM-Project,E3SM-1-0,piControl-spinup,T2
CMIP,E3SM-Project,E3SM-1-0,piControl,T1
CMIP,EC-Earth-Consortium,EC-Earth3,1pctCO2,T1
CMIP,EC-Earth-Consortium,EC-Earth3,abrupt-4xCO2,T1
CMIP,EC-Earth-Consortium,EC-Earth3-AerChem,1pctCO2,T1
CMIP,EC-Earth-Consortium,EC-Earth3-AerChem,abrupt-4xCO2,T1
CMIP,EC-Earth-Consortium,EC-Earth3-AerChem,amip,T1
CMIP,EC-Earth-Consortium,EC-Earth3-AerChem,esm-hist-ext,T2
CMIP,EC-Earth-Consortium,EC-Earth3-AerChem,esm-hist,T1
CMIP,EC-Earth-Consortium,EC-Earth3-AerChem,esm-piControl-spinup,T2
CMIP,EC-Earth-Consortium,EC-Earth3-AerChem,esm-piControl,T1
CMIP,EC-Earth-Consortium,EC-Earth3-AerChem,historical-ext,T2
CMIP,EC-Earth-Consortium,EC-Earth3-AerChem,historical,T1
CMIP,EC-Earth-Consortium,EC-Earth3-AerChem,piControl-spinup,T2
CMIP,EC-Earth-Consortium,EC-Earth3-AerChem,piControl,T1
CMIP,EC-Earth-Consortium,EC-Earth3,amip,T1
CMIP,EC-Earth-Consortium,EC-Earth3-CC,1pctCO2,T1
CMIP,EC-Earth-Consortium,EC-Earth3-CC,abrupt-4xCO2,T1
CMIP,EC-Earth-Consortium,EC-Earth3-CC,amip,T1
CMIP,EC-Earth-Consortium,EC-Earth3-CC,esm-hist-ext,T2
CMIP,EC-Earth-Consortium,EC-Earth3-CC,esm-hist,T1
CMIP,EC-Earth-Consortium,EC-Earth3-CC,esm-piControl-spinup,T2
CMIP,EC-Earth-Consortium,EC-Earth3-CC,esm-piControl,T1
CMIP,EC-Earth-Consortium,EC-Earth3-CC,historical-ext,T2
CMIP,EC-Earth-Consortium,EC-Earth3-CC,historical,T1
CMIP,EC-Earth-Consortium,EC-Earth3-CC,piControl-spinup,T2
CMIP,EC-Earth-Consortium,EC-Earth3-CC,piControl,T1
CMIP,EC-Earth-Consortium,EC-Earth3,esm-hist-ext,T2
CMIP,EC-Earth-Consortium,EC-Earth3,esm-hist,T1
CMIP,EC-Earth-Consortium,EC-Earth3,esm-piControl-spinup,T2
CMIP,EC-Earth-Consortium,EC-Earth3,esm-piControl,T1
CMIP,EC-Earth-Consortium,EC-Earth3-GrIS,1pctCO2,T1
CMIP,EC-Earth-Consortium,EC-Earth3-GrIS,abrupt-4xCO2,T1
CMIP,EC-Earth-Consortium,EC-Earth3-GrIS,amip,T1
CMIP,EC-Earth-Consortium,EC-Earth3-GrIS,esm-hist-ext,T2
CMIP,EC-Earth-Consortium,EC-Earth3-GrIS,esm-hist,T1
CMIP,EC-Earth-Consortium,EC-Earth3-GrIS,esm-piControl-spinup,T2
CMIP,EC-Earth-Consortium,EC-Earth3-GrIS,esm-piControl,T1
CMIP,EC-Earth-Consortium,EC-Earth3-GrIS,historical-ext,T2
CMIP,EC-Earth-Consortium,EC-Earth3-GrIS,historical,T1
CMIP,EC-Earth-Consortium,EC-Earth3-GrIS,piControl-spinup,T2
CMIP,EC-Earth-Consortium,EC-Earth3-GrIS,piControl,T1
CMIP,EC-Earth-Consortium,EC-Earth3,historical-ext,T2
CMIP,EC-Earth-Consortium,EC-Earth3,historical,T1
CMIP,EC-Earth-Consortium,EC-Earth3-LR,1pctCO2,T1
CMIP,EC-Earth-Consortium,EC-Earth3-LR,abrupt-4xCO2,T1
CMIP,EC-Earth-Consortium,EC-Earth3-LR,amip,T1
CMIP,EC-Earth-Consortium,EC-Earth3-LR,esm-hist-ext,T2
CMIP,EC-Earth-Consortium,EC-Earth3-LR,esm-hist,T1
CMIP,EC-Earth-Consortium,EC-Earth3-LR,esm-piControl-spinup,T2
CMIP,EC-Earth-Consortium,EC-Earth3-LR,esm-piControl,T1
CMIP,EC-Earth-Consortium,EC-Earth3-LR,historical-ext,T2
CMIP,EC-Earth-Consortium,EC-Earth3-LR,historical,T1
CMIP,EC-Earth-Consortium,EC-Earth3-LR,piControl-spinup,T2
CMIP,EC-Earth-Consortium,EC-Earth3-LR,piControl,T1
CMIP,EC-Earth-Consortium,EC-Earth3P,1pctCO2,T1
CMIP,EC-Earth-Consortium,EC-Earth3P,abrupt-4xCO2,T1
CMIP,EC-Earth-Consortium,EC-Earth3P,amip,T1
CMIP,EC-Earth-Consortium,EC-Earth3P,esm-hist-ext,T2
CMIP,EC-Earth-Consortium,EC-Earth3P,esm-hist,T1
CMIP,EC-Earth-Consortium,EC-Earth3P,esm-piControl-spinup,T2
CMIP,EC-Earth-Consortium,EC-Earth3P,esm-piControl,T1
CMIP,EC-Earth-Consortium,EC-Earth3P,historical-ext,T2
CMIP,EC-Earth-Consortium,EC-Earth3P,historical,T1
CMIP,EC-Earth-Consortium,EC-Earth3,piControl-spinup,T2
CMIP,EC-Earth-Consortium,EC-Earth3,piControl,T1
CMIP,EC-Earth-Consortium,EC-Earth3P,piControl-spinup,T2
CMIP,EC-Earth-Consortium,EC-Earth3P,piControl,T1
CMIP,EC-Earth-Consortium,EC-Earth3-Veg,1pctCO2,T1
CMIP,EC-Earth-Consortium,EC-Earth3-Veg,abrupt-4xCO2,T1
CMIP,EC-Earth-Consortium,EC-Earth3-Veg,amip,T1
CMIP,EC-Earth-Consortium,EC-Earth3-Veg,esm-hist-ext,T2
CMIP,EC-Earth-Consortium,EC-Earth3-Veg,esm-hist,T1
CMIP,EC-Earth-Consortium,EC-Earth3-Veg,esm-piControl-spinup,T2
CMIP,EC-Earth-Consortium,EC-Earth3-Veg,esm-piControl,T1
CMIP,EC-Earth-Consortium,EC-Earth3-Veg,historical-ext,T2
CMIP,EC-Earth-Consortium,EC-Earth3-Veg,historical,T1
CMIP,EC-Earth-Consortium,EC-Earth3-Veg-LR,1pctCO2,T1
CMIP,EC-Earth-Consortium,EC-Earth3-Veg-LR,abrupt-4xCO2,T1
CMIP,EC-Earth-Consortium,EC-Earth3-Veg-LR,amip,T1
CMIP,EC-Earth-Consortium,EC-Earth3-Veg-LR,esm-hist-ext,T2
CMIP,EC-Earth-Consortium,EC-Earth3-Veg-LR,esm-hist,T1
CMIP,EC-Earth-Consortium,EC-Earth3-Veg-LR,esm-piControl-spinup,T2
CMIP,EC-Earth-Consortium,EC-Earth3-Veg-LR,esm-piControl,T1
CMIP,EC-Earth-Consortium,EC-Earth3-Veg-LR,historical-ext,T2
CMIP,EC-Earth-Consortium,EC-Earth3-Veg-LR,historical,T1
CMIP,EC-Earth-Consortium,EC-Earth3-Veg-LR,piControl-spinup,T2
CMIP,EC-Earth-Consortium,EC-Earth3-Veg-LR,piControl,T1
CMIP,EC-Earth-Consortium,EC-Earth3-Veg,piControl-spinup,T2
CMIP,EC-Earth-Consortium,EC-Earth3-Veg,piControl,T1
CMIP,HAMMOZ-Consortium,MPI-ESM-1-2-HAM,1pctCO2,T1
CMIP,HAMMOZ-Consortium,MPI-ESM-1-2-HAM,abrupt-4xCO2,T1
CMIP,HAMMOZ-Consortium,MPI-ESM-1-2-HAM,amip,T1
CMIP,HAMMOZ-Consortium,MPI-ESM-1-2-HAM,esm-hist-ext,T2
CMIP,HAMMOZ-Consortium,MPI-ESM-1-2-HAM,esm-hist,T1
CMIP,HAMMOZ-Consortium,MPI-ESM-1-2-HAM,esm-piControl-spinup,T2
CMIP,HAMMOZ-Consortium,MPI-ESM-1-2-HAM,esm-piControl,T1
CMIP,HAMMOZ-Consortium,MPI-ESM-1-2-HAM,historical-ext,T2
CMIP,HAMMOZ-Consortium,MPI-ESM-1-2-HAM,historical,T1
CMIP,HAMMOZ-Consortium,MPI-ESM-1-2-HAM,piControl-spinup,T2
CMIP,HAMMOZ-Consortium,MPI-ESM-1-2-HAM,piControl,T1
CMIP,INM,INM-CM4-8,1pctCO2,T1
CMIP,INM,INM-CM4-8,abrupt-4xCO2,T1
CMIP,INM,INM-CM4-8,amip,T1
CMIP,INM,INM-CM4-8,esm-hist-ext,T2
CMIP,INM,INM-CM4-8,esm-hist,T1
CMIP,INM,INM-CM4-8,esm-piControl-spinup,T2
CMIP,INM,INM-CM4-8,esm-piControl,T1
CMIP,INM,INM-CM4-8,historical-ext,T2
CMIP,INM,INM-CM4-8,historical,T1
CMIP,INM,INM-CM4-8,piControl-spinup,T2
CMIP,INM,INM-CM4-8,piControl,T1
CMIP,INM,INM-CM5-0,1pctCO2,T1
CMIP,INM,INM-CM5-0,abrupt-4xCO2,T1
CMIP,INM,INM-CM5-0,amip,T1
CMIP,INM,INM-CM5-0,esm-hist-ext,T2
CMIP,INM,INM-CM5-0,esm-hist,T1
CMIP,INM,INM-CM5-0,esm-piControl-spinup,T2
CMIP,INM,INM-CM5-0,esm-piControl,T1
CMIP,INM,INM-CM5-0,historical-ext,T2
CMIP,INM,INM-CM5-0,historical,T1
CMIP,INM,INM-CM5-0,piControl-spinup,T2
CMIP,INM,INM-CM5-0,piControl,T1
CMIP,INM,INM-CM5-H,1pctCO2,T1
CMIP,INM,INM-CM5-H,abrupt-4xCO2,T1
CMIP,INM,INM-CM5-H,amip,T1
CMIP,INM,INM-CM5-H,esm-hist-ext,T2
CMIP,INM,INM-CM5-H,esm-hist,T1
CMIP,INM,INM-CM5-H,esm-piControl-spinup,T2
CMIP,INM,INM-CM5-H,esm-piControl,T1
CMIP,INM,INM-CM5-H,historical-ext,T2
CMIP,INM,INM-CM5-H,historical,T1
CMIP,INM,INM-CM5-H,piControl-spinup,T2
CMIP,INM,INM-CM5-H,piControl,T1
CMIP,INPE,BESM-2-7,1pctCO2,T1
CMIP,INPE,BESM-2-7,abrupt-4xCO2,T1
CMIP,INPE,BESM-2-7,amip,T1
CMIP,INPE,BESM-2-7,esm-hist-ext,T2
CMIP,INPE,BESM-2-7,esm-hist,T1
CMIP,INPE,BESM-2-7,esm-piControl-spinup,T2
CMIP,INPE,BESM-2-7,esm-piControl,T1
CMIP,INPE,BESM-2-7,historical-ext,T2
CMIP,INPE,BESM-2-7,historical,T1
CMIP,INPE,BESM-2-7,piControl-spinup,T2
CMIP,INPE,BESM-2-7,piControl,T1
CMIP,IPSL,IPSL-CM6A-LR,1pctCO2,T1
CMIP,IPSL,IPSL-CM6A-LR,abrupt-4xCO2,T1
CMIP,IPSL,IPSL-CM6A-LR,amip,T1
CMIP,IPSL,IPSL-CM6A-LR,esm-hist-ext,T2
CMIP,IPSL,IPSL-CM6A-LR,esm-hist,T1
CMIP,IPSL,IPSL-CM6A-LR,esm-piControl-spinup,T2
CMIP,IPSL,IPSL-CM6A-LR,esm-piControl,T1
CMIP,IPSL,IPSL-CM6A-LR,historical-ext,T2
CMIP,IPSL,IPSL-CM6A-LR,historical,T1
CMIP,IPSL,IPSL-CM6A-LR,piControl-spinup,T2
CMIP,IPSL,IPSL-CM6A-LR,piControl,T1
CMIP,KIOST,KIOST-ESM,1pctCO2,T1
CMIP,KIOST,KIOST-ESM,abrupt-4xCO2,T1
CMIP,KIOST,KIOST-ESM,amip,T1
CMIP,KIOST,KIOST-ESM,esm-hist-ext,T2
CMIP,KIOST,KIOST-ESM,esm-hist,T1
CMIP,KIOST,KIOST-ESM,esm-piControl-spinup,T2
CMIP,KIOST,KIOST-ESM,esm-piControl,T1
CMIP,KIOST,KIOST-ESM,historical-ext,T2
CMIP,KIOST,KIOST-ESM,historical,T1
CMIP,KIOST,KIOST-ESM,piControl-spinup,T2
CMIP,KIOST,KIOST-ESM,piControl,T1
CMIP,MESSy-Consortium,EMAC-2-53-AerChem,1pctCO2,T1
CMIP,MESSy-Consortium,EMAC-2-53-AerChem,abrupt-4xCO2,T1
CMIP,MESSy-Consortium,EMAC-2-53-AerChem,amip,T1
CMIP,MESSy-Consortium,EMAC-2-53-AerChem,esm-hist-ext,T2
CMIP,MESSy-Consortium,EMAC-2-53-AerChem,esm-hist,T1
CMIP,MESSy-Consortium,EMAC-2-53-AerChem,esm-piControl-spinup,T2
CMIP,MESSy-Consortium,EMAC-2-53-AerChem,esm-piControl,T1
CMIP,MESSy-Consortium,EMAC-2-53-AerChem,historical-ext,T2
CMIP,MESSy-Consortium,EMAC-2-53-AerChem,historical,T1
CMIP,MESSy-Consortium,EMAC-2-53-AerChem,piControl-spinup,T2
CMIP,MESSy-Consortium,EMAC-2-53-AerChem,piControl,T1
CMIP,MESSy-Consortium,EMAC-2-53-Vol,1pctCO2,T1
CMIP,MESSy-Consortium,EMAC-2-53-Vol,abrupt-4xCO2,T1
CMIP,MESSy-Consortium,EMAC-2-53-Vol,amip,T1
CMIP,MESSy-Consortium,EMAC-2-53-Vol,esm-hist-ext,T2
CMIP,MESSy-Consortium,EMAC-2-53-Vol,esm-hist,T1
CMIP,MESSy-Consortium,EMAC-2-53-Vol,esm-piControl-spinup,T2
CMIP,MESSy-Consortium,EMAC-2-53-Vol,esm-piControl,T1
CMIP,MESSy-Consortium,EMAC-2-53-Vol,historical-ext,T2
CMIP,MESSy-Consortium,EMAC-2-53-Vol,historical,T1
CMIP,MESSy-Consortium,EMAC-2-53-Vol,piControl-spinup,T2
CMIP,MESSy-Consortium,EMAC-2-53-Vol,piControl,T1
CMIP,MIROC,MIROC6,1pctCO2,T1
CMIP,MIROC,MIROC6,abrupt-4xCO2,T1
CMIP,MIROC,MIROC6,amip,T1
CMIP,MIROC,MIROC6,esm-hist-ext,T2
CMIP,MIROC,MIROC6,esm-hist,T1
CMIP,MIROC,MIROC6,esm-piControl-spinup,T2
CMIP,MIROC,MIROC6,esm-piControl,T1
CMIP,MIROC,MIROC6,historical-ext,T2
CMIP,MIROC,MIROC6,historical,T1
CMIP,MIROC,MIROC6,piControl-spinup,T2
CMIP,MIROC,MIROC6,piControl,T1
CMIP,MIROC,MIROC-ES2H,1pctCO2,T1
CMIP,MIROC,MIROC-ES2H,abrupt-4xCO2,T1
CMIP,MIROC,MIROC-ES2H,amip,T1
CMIP,MIROC,MIROC-ES2H,esm-hist-ext,T2
CMIP,MIROC,MIROC-ES2H,esm-hist,T1
CMIP,MIROC,MIROC-ES2H,esm-piControl-spinup,T2
CMIP,MIROC,MIROC-ES2H,esm-piControl,T1
CMIP,MIROC,MIROC-ES2H,historical-ext,T2
CMIP,MIROC,MIROC-ES2H,historical,T1
CMIP,MIROC,MIROC-ES2H,piControl-spinup,T2
CMIP,MIROC,MIROC-ES2H,piControl,T1
CMIP,MIROC,MIROC-ES2L,1pctCO2,T1
CMIP,MIROC,MIROC-ES2L,abrupt-4xCO2,T1
CMIP,MIROC,MIROC-ES2L,amip,T1
CMIP,MIROC,MIROC-ES2L,esm-hist-ext,T2
CMIP,MIROC,MIROC-ES2L,esm-hist,T1
CMIP,MIROC,MIROC-ES2L,esm-piControl-spinup,T2
CMIP,MIROC,MIROC-ES2L,esm-piControl,T1
CMIP,MIROC,MIROC-ES2L,historical-ext,T2
CMIP,MIROC,MIROC-ES2L,historical,T1
CMIP,MIROC,MIROC-ES2L,piControl-spinup,T2
CMIP,MIROC,MIROC-ES2L,piControl,T1
CMIP,MIROC,NICAM16-7S,1pctCO2,T1
CMIP,MIROC,NICAM16-7S,abrupt-4xCO2,T1
CMIP,MIROC,NICAM16-7S,amip,T1
CMIP,MIROC,NICAM16-7S,esm-hist-ext,T2
CMIP,MIROC,NICAM16-7S,esm-hist,T1
CMIP,MIROC,NICAM16-7S,esm-piControl-spinup,T2
CMIP,MIROC,NICAM16-7S,esm-piControl,T1
CMIP,MIROC,NICAM16-7S,historical-ext,T2
CMIP,MIROC,NICAM16-7S,historical,T1
CMIP,MIROC,NICAM16-7S,piControl-spinup,T2
CMIP,MIROC,NICAM16-7S,piControl,T1
CMIP,MIROC,NICAM16-8S,1pctCO2,T1
CMIP,MIROC,NICAM16-8S,abrupt-4xCO2,T1
CMIP,MIROC,NICAM16-8S,amip,T1
CMIP,MIROC,NICAM16-8S,esm-hist-ext,T2
CMIP,MIROC,NICAM16-8S,esm-hist,T1
CMIP,MIROC,NICAM16-8S,esm-piControl-spinup,T2
CMIP,MIROC,NICAM16-8S,esm-piControl,T1
CMIP,MIROC,NICAM16-8S,historical-ext,T2
CMIP,MIROC,NICAM16-8S,historical,T1
CMIP,MIROC,NICAM16-8S,piControl-spinup,T2
CMIP,MIROC,NICAM16-8S,piControl,T1
CMIP,MIROC,NICAM16-9D-L78,1pctCO2,T1
CMIP,MIROC,NICAM16-9D-L78,abrupt-4xCO2,T1
CMIP,MIROC,NICAM16-9D-L78,amip,T1
CMIP,MIROC,NICAM16-9D-L78,esm-hist-ext,T2
CMIP,MIROC,NICAM16-9D-L78,esm-hist,T1
CMIP,MIROC,NICAM16-9D-L78,esm-piControl-spinup,T2
CMIP,MIROC,NICAM16-9D-L78,esm-piControl,T1
CMIP,MIROC,NICAM16-9D-L78,historical-ext,T2
CMIP,MIROC,NICAM16-9D-L78,historical,T1
CMIP,MIROC,NICAM16-9D-L78,piControl-spinup,T2
CMIP,MIROC,NICAM16-9D-L78,piControl,T1
CMIP,MIROC,NICAM16-9S,1pctCO2,T1
CMIP,MIROC,NICAM16-9S,abrupt-4xCO2,T1
CMIP,MIROC,NICAM16-9S,amip,T1
CMIP,MIROC,NICAM16-9S,esm-hist-ext,T2
CMIP,MIROC,NICAM16-9S,esm-hist,T1
CMIP,MIROC,NICAM16-9S,esm-piControl-spinup,T2
CMIP,MIROC,NICAM16-9S,esm-piControl,T1
CMIP,MIROC,NICAM16-9S,historical-ext,T2
CMIP,MIROC,NICAM16-9S,historical,T1
CMIP,MIROC,NICAM16-9S,piControl-spinup,T2
CMIP,MIROC,NICAM16-9S,piControl,T1
CMIP,MOHC,HadGEM3-GC31-HH,1pctCO2,T1
CMIP,MOHC,HadGEM3-GC31-HH,abrupt-4xCO2,T1
CMIP,MOHC,HadGEM3-GC31-HH,amip,T1
CMIP,MOHC,HadGEM3-GC31-HH,esm-hist-ext,T2
CMIP,MOHC,HadGEM3-GC31-HH,esm-hist,T1
CMIP,MOHC,HadGEM3-GC31-HH,esm-piControl-spinup,T2
CMIP,MOHC,HadGEM3-GC31-HH,esm-piControl,T1
CMIP,MOHC,HadGEM3-GC31-HH,historical-ext,T2
CMIP,MOHC,HadGEM3-GC31-HH,historical,T1
CMIP,MOHC,HadGEM3-GC31-HH,piControl-spinup,T2
CMIP,MOHC,HadGEM3-GC31-HH,piControl,T1
CMIP,MOHC,HadGEM3-GC31-HM,1pctCO2,T1
CMIP,MOHC,HadGEM3-GC31-HM,abrupt-4xCO2,T1
CMIP,MOHC,HadGEM3-GC31-HM,amip,T1
CMIP,MOHC,HadGEM3-GC31-HM,esm-hist-ext,T2
CMIP,MOHC,HadGEM3-GC31-HM,esm-hist,T1
CMIP,MOHC,HadGEM3-GC31-HM,esm-piControl-spinup,T2
CMIP,MOHC,HadGEM3-GC31-HM,esm-piControl,T1
CMIP,MOHC,HadGEM3-GC31-HM,historical-ext,T2
CMIP,MOHC,HadGEM3-GC31-HM,historical,T1
CMIP,MOHC,HadGEM3-GC31-HM,piControl-spinup,T2
CMIP,MOHC,HadGEM3-GC31-HM,piControl,T1
CMIP,MOHC,HadGEM3-GC31-LL,1pctCO2,T1
CMIP,MOHC,HadGEM3-GC31-LL,abrupt-4xCO2,T1
CMIP,MOHC,HadGEM3-GC31-LL,amip,T1
CMIP,MOHC,HadGEM3-GC31-LL,esm-hist-ext,T2
CMIP,MOHC,HadGEM3-GC31-LL,esm-hist,T1
CMIP,MOHC,HadGEM3-GC31-LL,esm-piControl-spinup,T2
CMIP,MOHC,HadGEM3-GC31-LL,esm-piControl,T1
CMIP,MOHC,HadGEM3-GC31-LL,historical-ext,T2
CMIP,MOHC,HadGEM3-GC31-LL,historical,T1
CMIP,MOHC,HadGEM3-GC31-LL,piControl-spinup,T2
CMIP,MOHC,HadGEM3-GC31-LL,piControl,T1
CMIP,MOHC,HadGEM3-GC31-LM,1pctCO2,T1
CMIP,MOHC,HadGEM3-GC31-LM,abrupt-4xCO2,T1
CMIP,MOHC,HadGEM3-GC31-LM,amip,T1
CMIP,MOHC,HadGEM3-GC31-LM,esm-hist-ext,T2
CMIP,MOHC,HadGEM3-GC31-LM,esm-hist,T1
CMIP,MOHC,HadGEM3-GC31-LM,esm-piControl-spinup,T2
CMIP,MOHC,HadGEM3-GC31-LM,esm-piControl,T1
CMIP,MOHC,HadGEM3-GC31-LM,historical-ext,T2
CMIP,MOHC,HadGEM3-GC31-LM,historical,T1
CMIP,MOHC,HadGEM3-GC31-LM,piControl-spinup,T2
CMIP,MOHC,HadGEM3-GC31-LM,piControl,T1
CMIP,MOHC,HadGEM3-GC31-MH,1pctCO2,T1
CMIP,MOHC,HadGEM3-GC31-MH,abrupt-4xCO2,T1
CMIP,MOHC,HadGEM3-GC31-MH,amip,T1
CMIP,MOHC,HadGEM3-GC31-MH,esm-hist-ext,T2
CMIP,MOHC,HadGEM3-GC31-MH,esm-hist,T1
CMIP,MOHC,HadGEM3-GC31-MH,esm-piControl-spinup,T2
CMIP,MOHC,HadGEM3-GC31-MH,esm-piControl,T1
CMIP,MOHC,HadGEM3-GC31-MH,historical-ext,T2
CMIP,MOHC,HadGEM3-GC31-MH,historical,T1
CMIP,MOHC,HadGEM3-GC31-MH,piControl-spinup,T2
CMIP,MOHC,HadGEM3-GC31-MH,piControl,T1
CMIP,MOHC,HadGEM3-GC31-MM,1pctCO2,T1
CMIP,MOHC,HadGEM3-GC31-MM,abrupt-4xCO2,T1
CMIP,MOHC,HadGEM3-GC31-MM,amip,T1
CMIP,MOHC,HadGEM3-GC31-MM,esm-hist-ext,T2
CMIP,MOHC,HadGEM3-GC31-MM,esm-hist,T1
CMIP,MOHC,HadGEM3-GC31-MM,esm-piControl-spinup,T2
CMIP,MOHC,HadGEM3-GC31-MM,esm-piControl,T1
CMIP,MOHC,HadGEM3-GC31-MM,historical-ext,T2
CMIP,MOHC,HadGEM3-GC31-MM,historical,T1
CMIP,MOHC,HadGEM3-GC31-MM,piControl-spinup,T2
CMIP,MOHC,HadGEM3-GC31-MM,piControl,T1
CMIP,MOHC,UKESM1-0-LL,1pctCO2,T1
CMIP,MOHC,UKESM1-0-LL,abrupt-4xCO2,T1
CMIP,MOHC,UKESM1-0-LL,amip,T1
CMIP,MOHC,UKESM1-0-LL,esm-hist-ext,T2
CMIP,MOHC,UKESM1-0-LL,esm-hist,T1
CMIP,MOHC,UKESM1-0-LL,esm-piControl-spinup,T2
CMIP,MOHC,UKESM1-0-LL,esm-piControl,T1
CMIP,MOHC,UKESM1-0-LL,historical-ext,T2
CMIP,MOHC,UKESM1-0-LL,historical,T1
CMIP,MOHC,UKESM1-0-LL,piControl-spinup,T2
CMIP,MOHC,UKESM1-0-LL,piControl,T1
CMIP,MOHC,UKESM1-0-MMh,1pctCO2,T1
CMIP,MOHC,UKESM1-0-MMh,abrupt-4xCO2,T1
CMIP,MOHC,UKESM1-0-MMh,amip,T1
CMIP,MOHC,UKESM1-0-MMh,esm-hist-ext,T2
CMIP,MOHC,UKESM1-0-MMh,esm-hist,T1
CMIP,MOHC,UKESM1-0-MMh,esm-piControl-spinup,T2
CMIP,MOHC,UKESM1-0-MMh,esm-piControl,T1
CMIP,MOHC,UKESM1-0-MMh,historical-ext,T2
CMIP,MOHC,UKESM1-0-MMh,historical,T1
CMIP,MOHC,UKESM1-0-MMh,piControl-spinup,T2
CMIP,MOHC,UKESM1-0-MMh,piControl,T1
CMIP,MPI-M,ICON-ESM-LR,1pctCO2,T1,esgf3.dkrz.de
CMIP,MPI-M,ICON-ESM-LR,abrupt-4xCO2,T1,esgf3.dkrz.de
CMIP,MPI-M,ICON-ESM-LR,amip,T1,esgf3.dkrz.de
CMIP,MPI-M,ICON-ESM-LR,esm-hist-ext,T2,esgf3.dkrz.de
CMIP,MPI-M,ICON-ESM-LR,esm-hist,T1,esgf3.dkrz.de
CMIP,MPI-M,ICON-ESM-LR,esm-piControl-spinup,T2,esgf3.dkrz.de
CMIP,MPI-M,ICON-ESM-LR,esm-piControl,T1,esgf3.dkrz.de
CMIP,MPI-M,ICON-ESM-LR,historical-ext,T2,esgf3.dkrz.de
CMIP,MPI-M,ICON-ESM-LR,historical,T1,esgf3.dkrz.de
CMIP,MPI-M,ICON-ESM-LR,piControl-spinup,T2,esgf3.dkrz.de
CMIP,MPI-M,ICON-ESM-LR,piControl,T1,esgf3.dkrz.de
CMIP,MPI-M,MPI-ESM1-2-HR,1pctCO2,T1,esgf3.dkrz.de
CMIP,MPI-M,MPI-ESM1-2-HR,abrupt-4xCO2,T1,esgf3.dkrz.de
CMIP,MPI-M,MPI-ESM1-2-HR,amip,T1,esgf3.dkrz.de
CMIP,MPI-M,MPI-ESM1-2-HR,esm-hist-ext,T2,esgf3.dkrz.de
CMIP,MPI-M,MPI-ESM1-2-HR,esm-hist,T1,esgf3.dkrz.de
CMIP,MPI-M,MPI-ESM1-2-HR,esm-piControl-spinup,T2,esgf3.dkrz.de
CMIP,MPI-M,MPI-ESM1-2-HR,esm-piControl,T1,esgf3.dkrz.de
CMIP,MPI-M,MPI-ESM1-2-HR,historical-ext,T2,esgf3.dkrz.de
CMIP,MPI-M,MPI-ESM1-2-HR,historical,T1,esgf3.dkrz.de
CMIP,MPI-M,MPI-ESM1-2-HR,piControl-spinup,T2,esgf3.dkrz.de
CMIP,MPI-M,MPI-ESM1-2-HR,piControl,T1,esgf3.dkrz.de
CMIP,MPI-M,MPI-ESM1-2-LR,1pctCO2,T1,esgf3.dkrz.de
CMIP,MPI-M,MPI-ESM1-2-LR,abrupt-4xCO2,T1,esgf3.dkrz.de
CMIP,MPI-M,MPI-ESM1-2-LR,amip,T1,esgf3.dkrz.de
CMIP,MPI-M,MPI-ESM1-2-LR,esm-hist-ext,T2,esgf3.dkrz.de
CMIP,MPI-M,MPI-ESM1-2-LR,esm-hist,T1,esgf3.dkrz.de
CMIP,MPI-M,MPI-ESM1-2-LR,esm-piControl-spinup,T2,esgf3.dkrz.de
CMIP,MPI-M,MPI-ESM1-2-LR,esm-piControl,T1,esgf3.dkrz.de
CMIP,MPI-M,MPI-ESM1-2-LR,historical-ext,T2,esgf3.dkrz.de
CMIP,MPI-M,MPI-ESM1-2-LR,historical,T1,esgf3.dkrz.de
CMIP,MPI-M,MPI-ESM1-2-LR,piControl-spinup,T2,esgf3.dkrz.de
CMIP,MPI-M,MPI-ESM1-2-LR,piControl,T1,esgf3.dkrz.de
CMIP,MRI,MRI-AGCM3-2,1pctCO2,T1
CMIP,MRI,MRI-AGCM3-2,abrupt-4xCO2,T1
CMIP,MRI,MRI-AGCM3-2,amip,T1
CMIP,MRI,MRI-AGCM3-2,esm-hist-ext,T2
CMIP,MRI,MRI-AGCM3-2,esm-hist,T1
CMIP,MRI,MRI-AGCM3-2,esm-piControl-spinup,T2
CMIP,MRI,MRI-AGCM3-2,esm-piControl,T1
CMIP,MRI,MRI-AGCM3-2,historical-ext,T2
CMIP,MRI,MRI-AGCM3-2,historical,T1
CMIP,MRI,MRI-AGCM3-2,piControl-spinup,T2
CMIP,MRI,MRI-AGCM3-2,piControl,T1
CMIP,MRI,MRI-ESM2-0,1pctCO2,T1
CMIP,MRI,MRI-ESM2-0,abrupt-4xCO2,T1
CMIP,MRI,MRI-ESM2-0,amip,T1
CMIP,MRI,MRI-ESM2-0,esm-hist-ext,T2
CMIP,MRI,MRI-ESM2-0,esm-hist,T1
CMIP,MRI,MRI-ESM2-0,esm-piControl-spinup,T2
CMIP,MRI,MRI-ESM2-0,esm-piControl,T1
CMIP,MRI,MRI-ESM2-0,historical-ext,T2
CMIP,MRI,MRI-ESM2-0,historical,T1
CMIP,MRI,MRI-ESM2-0,piControl-spinup,T2
CMIP,MRI,MRI-ESM2-0,piControl,T1
CMIP,NASA-GISS,GISS-E2-1-G,1pctCO2,T1
CMIP,NASA-GISS,GISS-E2-1-G,abrupt-4xCO2,T1
CMIP,NASA-GISS,GISS-E2-1-G,amip,T1
CMIP,NASA-GISS,GISS-E2-1-G,esm-hist-ext,T2
CMIP,NASA-GISS,GISS-E2-1-G,esm-hist,T1
CMIP,NASA-GISS,GISS-E2-1-G,esm-piControl-spinup,T2
CMIP,NASA-GISS,GISS-E2-1-G,esm-piControl,T1
CMIP,NASA-GISS,GISS-E2-1-G,historical-ext,T2
CMIP,NASA-GISS,GISS-E2-1-G,historical,T1
CMIP,NASA-GISS,GISS-E2-1-G,piControl-spinup,T2
CMIP,NASA-GISS,GISS-E2-1-G,piControl,T1
CMIP,NASA-GISS,GISS-E2-1-H,1pctCO2,T1
CMIP,NASA-GISS,GISS-E2-1-H,abrupt-4xCO2,T1
CMIP,NASA-GISS,GISS-E2-1-H,amip,T1
CMIP,NASA-GISS,GISS-E2-1-H,esm-hist-ext,T2
CMIP,NASA-GISS,GISS-E2-1-H,esm-hist,T1
CMIP,NASA-GISS,GISS-E2-1-H,esm-piControl-spinup,T2
CMIP,NASA-GISS,GISS-E2-1-H,esm-piControl,T1
CMIP,NASA-GISS,GISS-E2-1-H,historical-ext,T2
CMIP,NASA-GISS,GISS-E2-1-H,historical,T1
CMIP,NASA-GISS,GISS-E2-1-H,piControl-spinup,T2
CMIP,NASA-GISS,GISS-E2-1-H,piControl,T1
CMIP,NASA-GISS,GISS-E2-1-MA-G,1pctCO2,T1
CMIP,NASA-GISS,GISS-E2-1-MA-G,abrupt-4xCO2,T1
CMIP,NASA-GISS,GISS-E2-1-MA-G,amip,T1
CMIP,NASA-GISS,GISS-E2-1-MA-G,esm-hist-ext,T2
CMIP,NASA-GISS,GISS-E2-1-MA-G,esm-hist,T1
CMIP,NASA-GISS,GISS-E2-1-MA-G,esm-piControl-spinup,T2
CMIP,NASA-GISS,GISS-E2-1-MA-G,esm-piControl,T1
CMIP,NASA-GISS,GISS-E2-1-MA-G,historical-ext,T2
CMIP,NASA-GISS,GISS-E2-1-MA-G,historical,T1
CMIP,NASA-GISS,GISS-E2-1-MA-G,piControl-spinup,T2
CMIP,NASA-GISS,GISS-E2-1-MA-G,piControl,T1
CMIP,NASA-GISS,GISS-E3-G,1pctCO2,T1
CMIP,NASA-GISS,GISS-E3-G,abrupt-4xCO2,T1
CMIP,NASA-GISS,GISS-E3-G,amip,T1
CMIP,NASA-GISS,GISS-E3-G,esm-hist-ext,T2
CMIP,NASA-GISS,GISS-E3-G,esm-hist,T1
CMIP,NASA-GISS,GISS-E3-G,esm-piControl-spinup,T2
CMIP,NASA-GISS,GISS-E3-G,esm-piControl,T1
CMIP,NASA-GISS,GISS-E3-G,historical-ext,T2
CMIP,NASA-GISS,GISS-E3-G,historical,T1
CMIP,NASA-GISS,GISS-E3-G,piControl-spinup,T2
CMIP,NASA-GISS,GISS-E3-G,piControl,T1
CMIP,NCAR,CESM2,1pctCO2,T1
CMIP,NCAR,CESM2,abrupt-4xCO2,T1
CMIP,NCAR,CESM2,amip,T1
CMIP,NCAR,CESM2,esm-hist-ext,T2
CMIP,NCAR,CESM2,esm-hist,T1
CMIP,NCAR,CESM2,esm-piControl-spinup,T2
CMIP,NCAR,CESM2,esm-piControl,T1
CMIP,NCAR,CESM2,historical-ext,T2
CMIP,NCAR,CESM2,historical,T1
CMIP,NCAR,CESM2,piControl-spinup,T2
CMIP,NCAR,CESM2,piControl,T1
CMIP,NCC,NorESM2-HH,1pctCO2,T1
CMIP,NCC,NorESM2-HH,abrupt-4xCO2,T1
CMIP,NCC,NorESM2-HH,amip,T1
CMIP,NCC,NorESM2-HH,esm-hist-ext,T2
CMIP,NCC,NorESM2-HH,esm-hist,T1
CMIP,NCC,NorESM2-HH,esm-piControl-spinup,T2
CMIP,NCC,NorESM2-HH,esm-piControl,T1
CMIP,NCC,NorESM2-HH,historical-ext,T2
CMIP,NCC,NorESM2-HH,historical,T1
CMIP,NCC,NorESM2-HH,piControl-spinup,T2
CMIP,NCC,NorESM2-HH,piControl,T1
CMIP,NCC,NorESM2-LM,1pctCO2,T1
CMIP,NCC,NorESM2-LM,abrupt-4xCO2,T1
CMIP,NCC,NorESM2-LM,amip,T1
CMIP,NCC,NorESM2-LME,1pctCO2,T1
CMIP,NCC,NorESM2-LME,abrupt-4xCO2,T1
CMIP,NCC,NorESM2-LME,amip,T1
CMIP,NCC,NorESM2-LMEC,1pctCO2,T1
CMIP,NCC,NorESM2-LMEC,abrupt-4xCO2,T1
CMIP,NCC,NorESM2-LMEC,amip,T1
CMIP,NCC,NorESM2-LMEC,esm-hist-ext,T2
CMIP,NCC,NorESM2-LMEC,esm-hist,T1
CMIP,NCC,NorESM2-LMEC,esm-piControl-spinup,T2
CMIP,NCC,NorESM2-LMEC,esm-piControl,T1
CMIP,NCC,NorESM2-LMEC,historical-ext,T2
CMIP,NCC,NorESM2-LMEC,historical,T1
CMIP,NCC,NorESM2-LMEC,piControl-spinup,T2
CMIP,NCC,NorESM2-LMEC,piControl,T1
CMIP,NCC,NorESM2-LME,esm-hist-ext,T2
CMIP,NCC,NorESM2-LME,esm-hist,T1
CMIP,NCC,NorESM2-LME,esm-piControl-spinup,T2
CMIP,NCC,NorESM2-LME,esm-piControl,T1
CMIP,NCC,NorESM2-LME,historical-ext,T2
CMIP,NCC,NorESM2-LME,historical,T1
CMIP,NCC,NorESM2-LME,piControl-spinup,T2
CMIP,NCC,NorESM2-LME,piControl,T1
CMIP,NCC,NorESM2-LM,esm-hist-ext,T2
CMIP,NCC,NorESM2-LM,esm-hist,T1
CMIP,NCC,NorESM2-LM,esm-piControl-spinup,T2
CMIP,NCC,NorESM2-LM,esm-piControl,T1
CMIP,NCC,NorESM2-LM,historical-ext,T2
CMIP,NCC,NorESM2-LM,historical,T1
CMIP,NCC,NorESM2-LM,piControl-spinup,T2
CMIP,NCC,NorESM2-LM,piControl,T1
CMIP,NCC,NorESM2-MH,1pctCO2,T1
CMIP,NCC,NorESM2-MH,abrupt-4xCO2,T1
CMIP,NCC,NorESM2-MH,amip,T1
CMIP,NCC,NorESM2-MH,esm-hist-ext,T2
CMIP,NCC,NorESM2-MH,esm-hist,T1
CMIP,NCC,NorESM2-MH,esm-piControl-spinup,T2
CMIP,NCC,NorESM2-MH,esm-piControl,T1
CMIP,NCC,NorESM2-MH,historical-ext,T2
CMIP,NCC,NorESM2-MH,historical,T1
CMIP,NCC,NorESM2-MH,piControl-spinup,T2
CMIP,NCC,NorESM2-MH,piControl,T1
CMIP,NCC,NorESM2-MM,1pctCO2,T1
CMIP,NCC,NorESM2-MM,abrupt-4xCO2,T1
CMIP,NCC,NorESM2-MM,amip,T1
CMIP,NCC,NorESM2-MM,esm-hist-ext,T2
CMIP,NCC,NorESM2-MM,esm-hist,T1
CMIP,NCC,NorESM2-MM,esm-piControl-spinup,T2
CMIP,NCC,NorESM2-MM,esm-piControl,T1
CMIP,NCC,NorESM2-MM,historical-ext,T2
CMIP,NCC,NorESM2-MM,historical,T1
CMIP,NCC,NorESM2-MM,piControl-spinup,T2
CMIP,NCC,NorESM2-MM,piControl,T1
CMIP,NERC,HadGEM3-GC31-HH,1pctCO2,T1
CMIP,NERC,HadGEM3-GC31-HH,abrupt-4xCO2,T1
CMIP,NERC,HadGEM3-GC31-HH,amip,T1
CMIP,NERC,HadGEM3-GC31-HH,esm-hist-ext,T2
CMIP,NERC,HadGEM3-GC31-HH,esm-hist,T1
CMIP,NERC,HadGEM3-GC31-HH,esm-piControl-spinup,T2
CMIP,NERC,HadGEM3-GC31-HH,esm-piControl,T1
CMIP,NERC,HadGEM3-GC31-HH,historical-ext,T2
CMIP,NERC,HadGEM3-GC31-HH,historical,T1
CMIP,NERC,HadGEM3-GC31-HH,piControl-spinup,T2
CMIP,NERC,HadGEM3-GC31-HH,piControl,T1
CMIP,NERC,HadGEM3-GC31-HM,1pctCO2,T1
CMIP,NERC,HadGEM3-GC31-HM,abrupt-4xCO2,T1
CMIP,NERC,HadGEM3-GC31-HM,amip,T1
CMIP,NERC,HadGEM3-GC31-HM,esm-hist-ext,T2
CMIP,NERC,HadGEM3-GC31-HM,esm-hist,T1
CMIP,NERC,HadGEM3-GC31-HM,esm-piControl-spinup,T2
CMIP,NERC,HadGEM3-GC31-HM,esm-piControl,T1
CMIP,NERC,HadGEM3-GC31-HM,historical-ext,T2
CMIP,NERC,HadGEM3-GC31-HM,historical,T1
CMIP,NERC,HadGEM3-GC31-HM,piControl-spinup,T2
CMIP,NERC,HadGEM3-GC31-HM,piControl,T1
CMIP,NERC,UKESM1-0-LL,1pctCO2,T1
CMIP,NERC,UKESM1-0-LL,abrupt-4xCO2,T1
CMIP,NERC,UKESM1-0-LL,amip,T1
CMIP,NERC,UKESM1-0-LL,esm-hist-ext,T2
CMIP,NERC,UKESM1-0-LL,esm-hist,T1
CMIP,NERC,UKESM1-0-LL,esm-piControl-spinup,T2
CMIP,NERC,UKESM1-0-LL,esm-piControl,T1
CMIP,NERC,UKESM1-0-LL,historical-ext,T2
CMIP,NERC,UKESM1-0-LL,historical,T1
CMIP,NERC,UKESM1-0-LL,piControl-spinup,T2
CMIP,NERC,UKESM1-0-LL,piControl,T1
CMIP,NERC,UKESM1-0-MMh,1pctCO2,T1
CMIP,NERC,UKESM1-0-MMh,abrupt-4xCO2,T1
CMIP,NERC,UKESM1-0-MMh,amip,T1
CMIP,NERC,UKESM1-0-MMh,esm-hist-ext,T2
CMIP,NERC,UKESM1-0-MMh,esm-hist,T1
CMIP,NERC,UKESM1-0-MMh,esm-piControl-spinup,T2
CMIP,NERC,UKESM1-0-MMh,esm-piControl,T1
CMIP,NERC,UKESM1-0-MMh,historical-ext,T2
CMIP,NERC,UKESM1-0-MMh,historical,T1
CMIP,NERC,UKESM1-0-MMh,piControl-spinup,T2
CMIP,NERC,UKESM1-0-MMh,piControl,T1
CMIP,NIMS-KMA,KACE-1-0-G,1pctCO2,T1
CMIP,NIMS-KMA,KACE-1-0-G,abrupt-4xCO2,T1
CMIP,NIMS-KMA,KACE-1-0-G,amip,T1
CMIP,NIMS-KMA,KACE-1-0-G,esm-hist-ext,T2
CMIP,NIMS-KMA,KACE-1-0-G,esm-hist,T1
CMIP,NIMS-KMA,KACE-1-0-G,esm-piControl-spinup,T2
CMIP,NIMS-KMA,KACE-1-0-G,esm-piControl,T1
CMIP,NIMS-KMA,KACE-1-0-G,historical-ext,T2
CMIP,NIMS-KMA,KACE-1-0-G,historical,T1
CMIP,NIMS-KMA,KACE-1-0-G,piControl-spinup,T2
CMIP,NIMS-KMA,KACE-1-0-G,piControl,T1
CMIP,NIMS-KMA,UKESM1-0-LL,1pctCO2,T1
CMIP,NIMS-KMA,UKESM1-0-LL,abrupt-4xCO2,T1
CMIP,NIMS-KMA,UKESM1-0-LL,amip,T1
CMIP,NIMS-KMA,UKESM1-0-LL,esm-hist-ext,T2
CMIP,NIMS-KMA,UKESM1-0-LL,esm-hist,T1
CMIP,NIMS-KMA,UKESM1-0-LL,esm-piControl-spinup,T2
CMIP,NIMS-KMA,UKESM1-0-LL,esm-piControl,T1
CMIP,NIMS-KMA,UKESM1-0-LL,historical-ext,T2
CMIP,NIMS-KMA,UKESM1-0-LL,historical,T1
CMIP,NIMS-KMA,UKESM1-0-LL,piControl-spinup,T2
CMIP,NIMS-KMA,UKESM1-0-LL,piControl,T1
CMIP,NIWA,UKESM1-0-LL,1pctCO2,T1
CMIP,NIWA,UKESM1-0-LL,abrupt-4xCO2,T1
CMIP,NIWA,UKESM1-0-LL,amip,T1
CMIP,NIWA,UKESM1-0-LL,esm-hist-ext,T2
CMIP,NIWA,UKESM1-0-LL,esm-hist,T1
CMIP,NIWA,UKESM1-0-LL,esm-piControl-spinup,T2
CMIP,NIWA,UKESM1-0-LL,esm-piControl,T1
CMIP,NIWA,UKESM1-0-LL,historical-ext,T2
CMIP,NIWA,UKESM1-0-LL,historical,T1
CMIP,NIWA,UKESM1-0-LL,piControl-spinup,T2
CMIP,NIWA,UKESM1-0-LL,piControl,T1
CMIP,NOAA-GFDL,GFDL-AM4,1pctCO2,T1
CMIP,NOAA-GFDL,GFDL-AM4,abrupt-4xCO2,T1
CMIP,NOAA-GFDL,GFDL-AM4,amip,T1
CMIP,NOAA-GFDL,GFDL-AM4,esm-hist-ext,T2
CMIP,NOAA-GFDL,GFDL-AM4,esm-hist,T1
CMIP,NOAA-GFDL,GFDL-AM4,esm-piControl-spinup,T2
CMIP,NOAA-GFDL,GFDL-AM4,esm-piControl,T1
CMIP,NOAA-GFDL,GFDL-AM4,historical-ext,T2
CMIP,NOAA-GFDL,GFDL-AM4,historical,T1
CMIP,NOAA-GFDL,GFDL-AM4,piControl-spinup,T2
CMIP,NOAA-GFDL,GFDL-AM4,piControl,T1
CMIP,NOAA-GFDL,GFDL-CM4,1pctCO2,T1
CMIP,NOAA-GFDL,GFDL-CM4,abrupt-4xCO2,T1
CMIP,NOAA-GFDL,GFDL-CM4,amip,T1
CMIP,NOAA-GFDL,GFDL-CM4C192,1pctCO2,T1
CMIP,NOAA-GFDL,GFDL-CM4C192,abrupt-4xCO2,T1
CMIP,NOAA-GFDL,GFDL-CM4C192,amip,T1
CMIP,NOAA-GFDL,GFDL-CM4C192,esm-hist-ext,T2
CMIP,NOAA-GFDL,GFDL-CM4C192,esm-hist,T1
CMIP,NOAA-GFDL,GFDL-CM4C192,esm-piControl-spinup,T2
CMIP,NOAA-GFDL,GFDL-CM4C192,esm-piControl,T1
CMIP,NOAA-GFDL,GFDL-CM4C192,historical-ext,T2
CMIP,NOAA-GFDL,GFDL-CM4C192,historical,T1
CMIP,NOAA-GFDL,GFDL-CM4C192,piControl-spinup,T2
CMIP,NOAA-GFDL,GFDL-CM4C192,piControl,T1
CMIP,NOAA-GFDL,GFDL-CM4,esm-hist-ext,T2
CMIP,NOAA-GFDL,GFDL-CM4,esm-hist,T1
CMIP,NOAA-GFDL,GFDL-CM4,esm-piControl-spinup,T2
CMIP,NOAA-GFDL,GFDL-CM4,esm-piControl,T1
CMIP,NOAA-GFDL,GFDL-CM4,historical-ext,T2
CMIP,NOAA-GFDL,GFDL-CM4,historical,T1
CMIP,NOAA-GFDL,GFDL-CM4,piControl-spinup,T2
CMIP,NOAA-GFDL,GFDL-CM4,piControl,T1
CMIP,NOAA-GFDL,GFDL-ESM2M,1pctCO2,T1
CMIP,NOAA-GFDL,GFDL-ESM2M,abrupt-4xCO2,T1
CMIP,NOAA-GFDL,GFDL-ESM2M,amip,T1
CMIP,NOAA-GFDL,GFDL-ESM2M,esm-hist-ext,T2
CMIP,NOAA-GFDL,GFDL-ESM2M,esm-hist,T1
CMIP,NOAA-GFDL,GFDL-ESM2M,esm-piControl-spinup,T2
CMIP,NOAA-GFDL,GFDL-ESM2M,esm-piControl,T1
CMIP,NOAA-GFDL,GFDL-ESM2M,historical-ext,T2
CMIP,NOAA-GFDL,GFDL-ESM2M,historical,T1
CMIP,NOAA-GFDL,GFDL-ESM2M,piControl-spinup,T2
CMIP,NOAA-GFDL,GFDL-ESM2M,piControl,T1
CMIP,NOAA-GFDL,GFDL-ESM4,1pctCO2,T1
CMIP,NOAA-GFDL,GFDL-ESM4,abrupt-4xCO2,T1
CMIP,NOAA-GFDL,GFDL-ESM4,amip,T1
CMIP,NOAA-GFDL,GFDL-ESM4,esm-hist-ext,T2
CMIP,NOAA-GFDL,GFDL-ESM4,esm-hist,T1
CMIP,NOAA-GFDL,GFDL-ESM4,esm-piControl-spinup,T2
CMIP,NOAA-GFDL,GFDL-ESM4,esm-piControl,T1
CMIP,NOAA-GFDL,GFDL-ESM4,historical-ext,T2
CMIP,NOAA-GFDL,GFDL-ESM4,historical,T1
CMIP,NOAA-GFDL,GFDL-ESM4,piControl-spinup,T2
CMIP,NOAA-GFDL,GFDL-ESM4,piControl,T1
CMIP,NOAA-GFDL,GFDL-OM4p5B,1pctCO2,T1
CMIP,NOAA-GFDL,GFDL-OM4p5B,abrupt-4xCO2,T1
CMIP,NOAA-GFDL,GFDL-OM4p5B,amip,T1
CMIP,NOAA-GFDL,GFDL-OM4p5B,esm-hist-ext,T2
CMIP,NOAA-GFDL,GFDL-OM4p5B,esm-hist,T1
CMIP,NOAA-GFDL,GFDL-OM4p5B,esm-piControl-spinup,T2
CMIP,NOAA-GFDL,GFDL-OM4p5B,esm-piControl,T1
CMIP,NOAA-GFDL,GFDL-OM4p5B,historical-ext,T2
CMIP,NOAA-GFDL,GFDL-OM4p5B,historical,T1
CMIP,NOAA-GFDL,GFDL-OM4p5B,piControl-spinup,T2
CMIP,NOAA-GFDL,GFDL-OM4p5B,piControl,T1
CMIP,NUIST,NESM3,1pctCO2,T1
CMIP,NUIST,NESM3,abrupt-4xCO2,T1
CMIP,NUIST,NESM3,amip,T1
CMIP,NUIST,NESM3,esm-hist-ext,T2
CMIP,NUIST,NESM3,esm-hist,T1
CMIP,NUIST,NESM3,esm-piControl-spinup,T2
CMIP,NUIST,NESM3,esm-piControl,T1
CMIP,NUIST,NESM3,historical-ext,T2
CMIP,NUIST,NESM3,historical,T1
CMIP,NUIST,NESM3,piControl-spinup,T2
CMIP,NUIST,NESM3,piControl,T1
CMIP,PCMDI,PCMDI-test-1-0,1pctCO2,T1
CMIP,PCMDI,PCMDI-test-1-0,abrupt-4xCO2,T1
CMIP,PCMDI,PCMDI-test-1-0,amip,T1
CMIP,PCMDI,PCMDI-test-1-0,esm-hist-ext,T2
CMIP,PCMDI,PCMDI-test-1-0,esm-hist,T1
CMIP,PCMDI,PCMDI-test-1-0,esm-piControl-spinup,T2
CMIP,PCMDI,PCMDI-test-1-0,esm-piControl,T1
CMIP,PCMDI,PCMDI-test-1-0,historical-ext,T2
CMIP,PCMDI,PCMDI-test-1-0,historical,T1
CMIP,PCMDI,PCMDI-test-1-0,piControl-spinup,T2
CMIP,PCMDI,PCMDI-test-1-0,piControl,T1
CMIP,SNU,SAM0-UNICON,1pctCO2,T1
CMIP,SNU,SAM0-UNICON,abrupt-4xCO2,T1
CMIP,SNU,SAM0-UNICON,amip,T1
CMIP,SNU,SAM0-UNICON,esm-hist-ext,T2
CMIP,SNU,SAM0-UNICON,esm-hist,T1
CMIP,SNU,SAM0-UNICON,esm-piControl-spinup,T2
CMIP,SNU,SAM0-UNICON,esm-piControl,T1
CMIP,SNU,SAM0-UNICON,historical-ext,T2
CMIP,SNU,SAM0-UNICON,historical,T1
CMIP,SNU,SAM0-UNICON,piControl-spinup,T2
CMIP,SNU,SAM0-UNICON,piControl,T1
CMIP,THU,CIESM,1pctCO2,T1
CMIP,THU,CIESM,abrupt-4xCO2,T1
CMIP,THU,CIESM,amip,T1
CMIP,THU,CIESM,esm-hist-ext,T2
CMIP,THU,CIESM,esm-hist,T1
CMIP,THU,CIESM,esm-piControl-spinup,T2
CMIP,THU,CIESM,esm-piControl,T1
CMIP,THU,CIESM,historical-ext,T2
CMIP,THU,CIESM,historical,T1
CMIP,THU,CIESM,piControl-spinup,T2
CMIP,THU,CIESM,piControl,T1
CMIP,UofT,UofT-CCSM4,1pctCO2,T1
CMIP,UofT,UofT-CCSM4,abrupt-4xCO2,T1
CMIP,UofT,UofT-CCSM4,amip,T1
CMIP,UofT,UofT-CCSM4,esm-hist-ext,T2
CMIP,UofT,UofT-CCSM4,esm-hist,T1
CMIP,UofT,UofT-CCSM4,esm-piControl-spinup,T2
CMIP,UofT,UofT-CCSM4,esm-piControl,T1
CMIP,UofT,UofT-CCSM4,historical-ext,T2
CMIP,UofT,UofT-CCSM4,historical,T1
CMIP,UofT,UofT-CCSM4,piControl-spinup,T2
CMIP,UofT,UofT-CCSM4,piControl,T1
CMIP,UTAS,CSIRO-Mk3L-1-3,1pctCO2,T1
CMIP,UTAS,CSIRO-Mk3L-1-3,abrupt-4xCO2,T1
CMIP,UTAS,CSIRO-Mk3L-1-3,amip,T1
CMIP,UTAS,CSIRO-Mk3L-1-3,esm-hist-ext,T2
CMIP,UTAS,CSIRO-Mk3L-1-3,esm-hist,T1
CMIP,UTAS,CSIRO-Mk3L-1-3,esm-piControl-spinup,T2
CMIP,UTAS,CSIRO-Mk3L-1-3,esm-piControl,T1
CMIP,UTAS,CSIRO-Mk3L-1-3,historical-ext,T2
CMIP,UTAS,CSIRO-Mk3L-1-3,historical,T1
CMIP,UTAS,CSIRO-Mk3L-1-3,piControl-spinup,T2
CMIP,UTAS,CSIRO-Mk3L-1-3,piControl,T1
